session_id,game_id,player_id,start,end,lastControl
0,1,0,"2018-01-02 18:26:52","2018-01-02 19:05:14","2018-01-02 19:05:14"
1,1,1,"2018-01-02 14:21:55","2018-01-02 14:34:47","2018-01-02 14:34:47"
2,1,2,"2018-01-02 03:31:23","2018-01-02 04:26:46","2018-01-02 04:26:46"
3,1,3,"2018-01-02 08:03:32","2018-01-02 08:31:08","2018-01-02 08:31:08"
4,1,4,"2018-01-02 08:01:27","2018-01-02 08:25:23","2018-01-02 08:25:23"
5,1,5,"2018-01-03 01:50:52","2018-01-03 02:20:39","2018-01-03 02:20:39"
6,1,6,"2018-01-03 15:42:45","2018-01-03 16:20:46","2018-01-03 16:20:46"
7,1,7,"2018-01-03 18:36:29","2018-01-03 18:39:48","2018-01-03 18:39:48"
8,1,8,"2018-01-03 13:50:37","2018-01-03 14:19:58","2018-01-03 14:19:58"
9,1,9,"2018-01-03 17:04:37","2018-01-03 17:32:56","2018-01-03 17:32:56"
10,1,10,"2018-01-04 13:50:39","2018-01-04 14:24:54","2018-01-04 14:24:54"
11,1,11,"2018-01-04 13:44:30","2018-01-04 14:25:52","2018-01-04 14:25:52"
12,1,12,"2018-01-04 09:34:13","2018-01-04 09:56:13","2018-01-04 09:56:13"
13,1,13,"2018-01-04 23:53:37","2018-01-05 00:25:39","2018-01-05 00:25:39"
14,1,14,"2018-01-04 02:47:21","2018-01-04 03:02:59","2018-01-04 03:02:59"
15,1,13,"2018-01-05 16:22:06","2018-01-05 17:10:17","2018-01-05 17:10:17"
16,1,15,"2018-01-05 05:58:09","2018-01-05 06:35:29","2018-01-05 06:35:29"
17,1,16,"2018-01-05 19:54:54","2018-01-05 20:33:29","2018-01-05 20:33:29"
18,1,17,"2018-01-05 10:08:45","2018-01-05 10:54:26","2018-01-05 10:54:26"
19,1,18,"2018-01-05 12:08:25","2018-01-05 12:36:50","2018-01-05 12:36:50"
20,1,19,"2018-01-05 09:26:44","2018-01-05 09:41:36","2018-01-05 09:41:36"
21,1,20,"2018-01-09 22:15:00","2018-01-09 22:46:20","2018-01-09 22:46:20"
22,1,21,"2018-01-09 08:02:23","2018-01-09 08:46:00","2018-01-09 08:46:00"
23,1,22,"2018-01-09 02:21:49","2018-01-09 02:57:43","2018-01-09 02:57:43"
24,1,23,"2018-01-09 13:13:40","2018-01-09 13:43:16","2018-01-09 13:43:16"
25,1,24,"2018-01-09 02:19:07","2018-01-09 02:59:41","2018-01-09 02:59:41"
26,1,25,"2018-01-09 14:45:29","2018-01-09 15:18:09","2018-01-09 15:18:09"
27,1,26,"2018-01-09 11:53:00","2018-01-09 12:16:35","2018-01-09 12:16:35"
28,1,27,"2018-01-09 04:02:19","2018-01-09 04:20:08","2018-01-09 04:20:08"
29,1,28,"2018-01-09 22:04:29","2018-01-09 22:36:30","2018-01-09 22:36:30"
30,1,20,"2018-01-10 15:37:34","2018-01-10 16:21:04","2018-01-10 16:21:04"
31,1,26,"2018-01-10 00:24:52","2018-01-10 00:55:19","2018-01-10 00:55:19"
32,1,29,"2018-01-16 23:44:46","2018-01-17 00:22:13","2018-01-17 00:22:13"
33,1,30,"2018-01-16 13:38:58","2018-01-16 14:05:45","2018-01-16 14:05:45"
34,1,31,"2018-01-17 19:12:29","2018-01-17 19:57:38","2018-01-17 19:57:38"
35,1,32,"2018-01-17 22:19:00","2018-01-17 22:47:13","2018-01-17 22:47:13"
36,1,33,"2018-01-18 18:28:53","2018-01-18 19:17:10","2018-01-18 19:17:10"
37,1,34,"2018-01-18 09:07:21","2018-01-18 09:40:16","2018-01-18 09:40:16"
38,1,35,"2018-01-19 21:16:30","2018-01-19 22:04:28","2018-01-19 22:04:28"
39,1,36,"2018-01-19 02:57:53","2018-01-19 03:07:09","2018-01-19 03:07:09"
40,1,37,"2018-01-23 17:51:13","2018-01-23 18:27:37","2018-01-23 18:27:37"
41,1,38,"2018-01-23 21:01:58","2018-01-23 21:54:36","2018-01-23 21:54:36"
42,1,39,"2018-01-23 21:37:47","2018-01-23 22:01:08","2018-01-23 22:01:08"
43,1,40,"2018-01-23 22:28:10","2018-01-23 22:48:40","2018-01-23 22:48:40"
44,1,41,"2018-01-23 16:09:26","2018-01-23 16:49:07","2018-01-23 16:49:07"
45,1,42,"2018-01-23 04:27:46","2018-01-23 04:56:20","2018-01-23 04:56:20"
46,1,43,"2018-01-23 19:37:27","2018-01-23 20:02:53","2018-01-23 20:02:53"
47,1,44,"2018-01-23 07:10:13","2018-01-23 07:34:35","2018-01-23 07:34:35"
48,1,45,"2018-01-23 23:57:44","2018-01-24 00:28:42","2018-01-24 00:28:42"
49,1,46,"2018-01-23 16:20:02","2018-01-23 17:06:47","2018-01-23 17:06:47"
50,1,47,"2018-01-23 23:19:53","2018-01-24 00:07:14","2018-01-24 00:07:14"
51,1,48,"2018-01-23 06:54:54","2018-01-23 07:35:16","2018-01-23 07:35:16"
52,1,49,"2018-01-23 22:38:23","2018-01-23 22:56:45","2018-01-23 22:56:45"
53,1,50,"2018-01-23 11:59:46","2018-01-23 12:33:26","2018-01-23 12:33:26"
54,1,45,"2018-01-24 09:43:38","2018-01-24 10:00:11","2018-01-24 10:00:11"
55,1,49,"2018-01-24 13:20:09","2018-01-24 13:42:43","2018-01-24 13:42:43"
56,1,51,"2018-01-24 04:22:49","2018-01-24 04:45:14","2018-01-24 04:45:14"
57,1,52,"2018-01-24 04:16:44","2018-01-24 04:45:42","2018-01-24 04:45:42"
58,1,53,"2018-01-24 17:42:03","2018-01-24 18:10:12","2018-01-24 18:10:12"
59,1,54,"2018-01-24 04:45:36","2018-01-24 05:11:20","2018-01-24 05:11:20"
60,1,55,"2018-01-24 20:11:49","2018-01-24 20:35:46","2018-01-24 20:35:46"
61,1,56,"2018-01-24 17:38:28","2018-01-24 18:35:17","2018-01-24 18:35:17"
62,1,57,"2018-01-24 04:59:28","2018-01-24 05:19:13","2018-01-24 05:19:13"
63,1,58,"2018-01-24 08:44:03","2018-01-24 09:03:06","2018-01-24 09:03:06"
64,1,59,"2018-01-24 13:40:49","2018-01-24 14:12:44","2018-01-24 14:12:44"
65,1,60,"2018-01-24 16:25:39","2018-01-24 16:36:56","2018-01-24 16:36:56"
66,1,61,"2018-01-24 15:41:34","2018-01-24 16:27:50","2018-01-24 16:27:50"
67,1,62,"2018-01-24 10:39:16","2018-01-24 11:25:46","2018-01-24 11:25:46"
68,1,63,"2018-01-24 18:26:24","2018-01-24 18:53:11","2018-01-24 18:53:11"
69,1,64,"2018-01-24 08:54:29","2018-01-24 09:37:42","2018-01-24 09:37:42"
70,1,65,"2018-01-25 14:10:15","2018-01-25 14:45:06","2018-01-25 14:45:06"
71,1,66,"2018-01-25 09:53:47","2018-01-25 10:15:39","2018-01-25 10:15:39"
72,1,67,"2018-01-25 00:46:26","2018-01-25 01:21:21","2018-01-25 01:21:21"
73,1,68,"2018-01-25 19:30:36","2018-01-25 20:04:30","2018-01-25 20:04:30"
74,1,69,"2018-01-25 16:09:06","2018-01-25 16:44:16","2018-01-25 16:44:16"
75,1,70,"2018-01-25 20:09:04","2018-01-25 20:54:11","2018-01-25 20:54:11"
76,1,71,"2018-01-25 11:03:27","2018-01-25 11:44:05","2018-01-25 11:44:05"
77,1,72,"2018-01-25 09:44:12","2018-01-25 10:17:29","2018-01-25 10:17:29"
78,1,73,"2018-01-25 14:49:28","2018-01-25 14:56:44","2018-01-25 14:56:44"
79,1,74,"2018-01-25 09:07:04","2018-01-25 09:43:44","2018-01-25 09:43:44"
80,1,75,"2018-01-25 17:20:28","2018-01-25 18:05:19","2018-01-25 18:05:19"
81,1,76,"2018-01-25 16:12:08","2018-01-25 16:50:40","2018-01-25 16:50:40"
82,1,77,"2018-01-25 15:40:15","2018-01-25 16:28:16","2018-01-25 16:28:16"
83,1,78,"2018-01-25 18:19:10","2018-01-25 18:48:18","2018-01-25 18:48:18"
84,1,79,"2018-01-26 16:24:34","2018-01-26 16:52:44","2018-01-26 16:52:44"
85,1,80,"2018-01-26 12:15:20","2018-01-26 12:38:49","2018-01-26 12:38:49"
86,1,81,"2018-01-26 20:25:02","2018-01-26 21:02:54","2018-01-26 21:02:54"
87,1,82,"2018-01-26 12:37:32","2018-01-26 13:10:43","2018-01-26 13:10:43"
88,1,83,"2018-01-26 09:46:38","2018-01-26 10:15:11","2018-01-26 10:15:11"
89,1,84,"2018-01-26 16:50:55","2018-01-26 17:36:10","2018-01-26 17:36:10"
90,1,85,"2018-01-26 13:05:30","2018-01-26 13:41:23","2018-01-26 13:41:23"
91,1,86,"2018-01-26 06:46:30","2018-01-26 07:14:09","2018-01-26 07:14:09"
92,1,87,"2018-01-26 13:08:21","2018-01-26 13:50:39","2018-01-26 13:50:39"
93,1,88,"2018-01-26 10:47:39","2018-01-26 11:34:41","2018-01-26 11:34:41"
94,1,89,"2018-01-26 03:55:37","2018-01-26 04:15:19","2018-01-26 04:15:19"
95,1,90,"2018-01-26 17:18:38","2018-01-26 18:01:39","2018-01-26 18:01:39"
96,1,91,"2018-01-26 21:00:25","2018-01-26 21:31:32","2018-01-26 21:31:32"
97,1,92,"2018-01-26 12:20:37","2018-01-26 12:58:23","2018-01-26 12:58:23"
98,1,93,"2018-01-30 01:52:54","2018-01-30 02:33:39","2018-01-30 02:33:39"
99,1,94,"2018-01-30 20:03:44","2018-01-30 20:45:19","2018-01-30 20:45:19"
100,1,95,"2018-01-30 12:32:00","2018-01-30 12:54:22","2018-01-30 12:54:22"
101,1,96,"2018-01-30 19:08:38","2018-01-30 19:44:29","2018-01-30 19:44:29"
102,1,97,"2018-01-30 03:11:58","2018-01-30 03:33:19","2018-01-30 03:33:19"
103,1,98,"2018-01-30 08:18:07","2018-01-30 09:02:22","2018-01-30 09:02:22"
104,1,99,"2018-01-30 16:25:29","2018-01-30 16:59:34","2018-01-30 16:59:34"
105,1,100,"2018-01-30 10:25:43","2018-01-30 11:01:14","2018-01-30 11:01:14"
106,1,101,"2018-01-31 10:33:50","2018-01-31 11:05:47","2018-01-31 11:05:47"
107,1,102,"2018-01-31 05:12:12","2018-01-31 05:41:30","2018-01-31 05:41:30"
108,1,103,"2018-01-31 01:28:21","2018-01-31 01:48:03","2018-01-31 01:48:03"
109,1,104,"2018-01-31 20:33:44","2018-01-31 21:05:33","2018-01-31 21:05:33"
110,1,105,"2018-01-31 05:54:42","2018-01-31 06:20:51","2018-01-31 06:20:51"
111,1,106,"2018-01-31 01:55:08","2018-01-31 02:23:36","2018-01-31 02:23:36"
112,1,107,"2018-01-31 05:16:04","2018-01-31 05:34:57","2018-01-31 05:34:57"
113,1,108,"2018-01-31 12:36:19","2018-01-31 12:42:59","2018-01-31 12:42:59"
114,1,107,"2018-02-01 07:24:37","2018-02-01 07:58:56","2018-02-01 07:58:56"
115,1,109,"2018-02-01 08:06:31","2018-02-01 08:47:24","2018-02-01 08:47:24"
116,1,110,"2018-02-01 00:04:05","2018-02-01 00:23:28","2018-02-01 00:23:28"
117,1,111,"2018-02-01 16:17:08","2018-02-01 16:49:51","2018-02-01 16:49:51"
118,1,112,"2018-02-01 22:14:28","2018-02-01 22:31:09","2018-02-01 22:31:09"
119,1,113,"2018-02-01 15:47:03","2018-02-01 16:21:22","2018-02-01 16:21:22"
120,1,114,"2018-02-01 14:11:22","2018-02-01 14:35:22","2018-02-01 14:35:22"
121,1,115,"2018-02-01 08:47:38","2018-02-01 09:12:30","2018-02-01 09:12:30"
122,1,116,"2018-02-01 21:30:52","2018-02-01 21:54:21","2018-02-01 21:54:21"
123,1,114,"2018-02-01 18:21:11","2018-02-01 18:52:58","2018-02-01 18:52:58"
124,1,49,"2018-02-04 09:36:58","2018-02-04 09:54:34","2018-02-04 09:54:34"
125,1,117,"2018-02-06 08:00:32","2018-02-06 08:26:35","2018-02-06 08:26:35"
126,1,118,"2018-02-06 21:44:47","2018-02-06 21:59:06","2018-02-06 21:59:06"
127,1,119,"2018-02-06 18:02:39","2018-02-06 18:35:24","2018-02-06 18:35:24"
128,1,120,"2018-02-06 03:41:05","2018-02-06 04:16:14","2018-02-06 04:16:14"
129,1,121,"2018-02-06 11:16:49","2018-02-06 11:25:58","2018-02-06 11:25:58"
130,1,122,"2018-02-06 08:35:15","2018-02-06 09:05:13","2018-02-06 09:05:13"
131,1,123,"2018-02-06 19:52:02","2018-02-06 20:23:46","2018-02-06 20:23:46"
132,1,124,"2018-02-06 03:20:32","2018-02-06 03:53:57","2018-02-06 03:53:57"
133,1,125,"2018-02-06 05:42:14","2018-02-06 05:58:10","2018-02-06 05:58:10"
134,1,126,"2018-02-06 07:21:46","2018-02-06 07:49:57","2018-02-06 07:49:57"
135,1,127,"2018-02-06 20:23:20","2018-02-06 21:22:17","2018-02-06 21:22:17"
136,1,128,"2018-02-06 18:24:13","2018-02-06 18:56:14","2018-02-06 18:56:14"
137,1,129,"2018-02-06 17:43:09","2018-02-06 17:57:29","2018-02-06 17:57:29"
138,1,130,"2018-02-06 13:21:49","2018-02-06 13:26:37","2018-02-06 13:26:37"
139,1,131,"2018-02-06 08:31:53","2018-02-06 08:52:37","2018-02-06 08:52:37"
140,1,132,"2018-02-06 21:56:10","2018-02-06 22:31:51","2018-02-06 22:31:51"
141,1,133,"2018-02-06 11:01:30","2018-02-06 11:18:46","2018-02-06 11:18:46"
142,1,134,"2018-02-06 19:51:06","2018-02-06 20:26:18","2018-02-06 20:26:18"
143,1,135,"2018-02-06 05:15:54","2018-02-06 05:57:47","2018-02-06 05:57:47"
144,1,136,"2018-02-06 04:13:02","2018-02-06 04:41:21","2018-02-06 04:41:21"
145,1,137,"2018-02-06 05:18:25","2018-02-06 05:51:51","2018-02-06 05:51:51"
146,1,138,"2018-02-06 15:48:01","2018-02-06 16:23:58","2018-02-06 16:23:58"
147,1,139,"2018-02-06 13:26:32","2018-02-06 13:47:47","2018-02-06 13:47:47"
148,1,140,"2018-02-06 22:18:50","2018-02-06 22:56:26","2018-02-06 22:56:26"
149,1,141,"2018-02-06 18:55:15","2018-02-06 19:39:08","2018-02-06 19:39:08"
150,1,142,"2018-02-06 22:13:09","2018-02-06 22:45:10","2018-02-06 22:45:10"
151,1,143,"2018-02-06 22:14:14","2018-02-06 23:00:49","2018-02-06 23:00:49"
152,1,144,"2018-02-06 01:15:57","2018-02-06 02:02:07","2018-02-06 02:02:07"
153,1,145,"2018-02-06 13:41:17","2018-02-06 13:57:34","2018-02-06 13:57:34"
154,1,146,"2018-02-06 05:31:15","2018-02-06 06:00:35","2018-02-06 06:00:35"
155,1,147,"2018-02-06 15:49:01","2018-02-06 16:12:38","2018-02-06 16:12:38"
156,1,148,"2018-02-06 22:18:05","2018-02-06 22:38:27","2018-02-06 22:38:27"
157,1,149,"2018-02-06 13:09:06","2018-02-06 13:18:07","2018-02-06 13:18:07"
158,1,117,"2018-02-07 02:12:31","2018-02-07 02:47:10","2018-02-07 02:47:10"
159,1,118,"2018-02-07 03:30:37","2018-02-07 03:51:39","2018-02-07 03:51:39"
160,1,120,"2018-02-07 12:38:12","2018-02-07 12:45:28","2018-02-07 12:45:28"
161,1,123,"2018-02-07 07:58:04","2018-02-07 08:24:04","2018-02-07 08:24:04"
162,1,127,"2018-02-07 03:02:43","2018-02-07 03:19:08","2018-02-07 03:19:08"
163,1,129,"2018-02-07 16:01:34","2018-02-07 16:15:21","2018-02-07 16:15:21"
164,1,130,"2018-02-07 02:51:57","2018-02-07 03:18:48","2018-02-07 03:18:48"
165,1,132,"2018-02-07 01:27:04","2018-02-07 02:02:14","2018-02-07 02:02:14"
166,1,134,"2018-02-07 01:23:30","2018-02-07 02:03:32","2018-02-07 02:03:32"
167,1,140,"2018-02-07 08:18:44","2018-02-07 08:38:32","2018-02-07 08:38:32"
168,1,141,"2018-02-07 01:34:13","2018-02-07 02:08:04","2018-02-07 02:08:04"
169,1,142,"2018-02-07 09:17:42","2018-02-07 09:32:00","2018-02-07 09:32:00"
170,1,145,"2018-02-07 07:09:13","2018-02-07 07:41:44","2018-02-07 07:41:44"
171,1,146,"2018-02-07 20:42:51","2018-02-07 21:15:04","2018-02-07 21:15:04"
172,1,148,"2018-02-07 20:17:35","2018-02-07 21:07:43","2018-02-07 21:07:43"
173,1,140,"2018-02-07 22:37:11","2018-02-07 23:10:45","2018-02-07 23:10:45"
174,1,145,"2018-02-07 02:30:17","2018-02-07 03:02:40","2018-02-07 03:02:40"
175,1,102,"2018-02-08 03:35:13","2018-02-08 04:05:48","2018-02-08 04:05:48"
176,1,119,"2018-02-08 19:04:31","2018-02-08 19:33:14","2018-02-08 19:33:14"
177,1,120,"2018-02-08 21:03:24","2018-02-08 21:30:51","2018-02-08 21:30:51"
178,1,122,"2018-02-08 15:09:10","2018-02-08 15:41:01","2018-02-08 15:41:01"
179,1,123,"2018-02-08 12:26:50","2018-02-08 12:41:29","2018-02-08 12:41:29"
180,1,129,"2018-02-08 04:38:06","2018-02-08 05:07:53","2018-02-08 05:07:53"
181,1,135,"2018-02-08 07:28:44","2018-02-08 07:53:16","2018-02-08 07:53:16"
182,1,140,"2018-02-08 14:36:26","2018-02-08 15:08:57","2018-02-08 15:08:57"
183,1,141,"2018-02-08 03:09:38","2018-02-08 03:48:31","2018-02-08 03:48:31"
184,1,146,"2018-02-08 07:19:29","2018-02-08 07:24:38","2018-02-08 07:24:38"
185,1,147,"2018-02-08 08:00:40","2018-02-08 08:23:16","2018-02-08 08:23:16"
186,1,148,"2018-02-08 21:52:11","2018-02-08 22:21:30","2018-02-08 22:21:30"
187,1,120,"2018-02-09 21:38:54","2018-02-09 22:06:07","2018-02-09 22:06:07"
188,1,122,"2018-02-09 22:38:19","2018-02-09 23:21:08","2018-02-09 23:21:08"
189,1,123,"2018-02-09 23:14:37","2018-02-09 23:50:17","2018-02-09 23:50:17"
190,1,141,"2018-02-09 17:46:02","2018-02-09 17:54:46","2018-02-09 17:54:46"
191,1,148,"2018-02-09 01:30:37","2018-02-09 01:40:23","2018-02-09 01:40:23"
192,1,43,"2018-02-10 17:28:50","2018-02-10 18:14:07","2018-02-10 18:14:07"
193,1,68,"2018-02-10 19:16:16","2018-02-10 19:39:33","2018-02-10 19:39:33"
194,1,95,"2018-02-10 10:34:49","2018-02-10 10:54:45","2018-02-10 10:54:45"
195,1,122,"2018-02-10 06:25:45","2018-02-10 06:53:54","2018-02-10 06:53:54"
196,1,123,"2018-02-10 09:19:47","2018-02-10 09:41:51","2018-02-10 09:41:51"
197,1,127,"2018-02-10 16:23:05","2018-02-10 17:10:22","2018-02-10 17:10:22"
198,1,141,"2018-02-10 22:22:20","2018-02-10 22:46:32","2018-02-10 22:46:32"
199,1,148,"2018-02-10 17:31:12","2018-02-10 18:03:04","2018-02-10 18:03:04"
200,1,148,"2018-02-10 03:12:04","2018-02-10 03:34:37","2018-02-10 03:34:37"
201,1,43,"2018-02-11 15:28:37","2018-02-11 15:44:09","2018-02-11 15:44:09"
202,1,123,"2018-02-11 08:26:23","2018-02-11 09:04:47","2018-02-11 09:04:47"
203,1,127,"2018-02-11 14:23:52","2018-02-11 14:54:54","2018-02-11 14:54:54"
204,1,129,"2018-02-11 04:26:40","2018-02-11 04:53:33","2018-02-11 04:53:33"
205,1,141,"2018-02-11 01:46:54","2018-02-11 02:16:49","2018-02-11 02:16:49"
206,1,146,"2018-02-11 04:01:33","2018-02-11 04:29:46","2018-02-11 04:29:46"
207,1,146,"2018-02-11 16:41:41","2018-02-11 17:28:38","2018-02-11 17:28:38"
208,1,43,"2018-02-12 07:44:48","2018-02-12 08:07:17","2018-02-12 08:07:17"
209,1,123,"2018-02-12 11:14:57","2018-02-12 12:02:51","2018-02-12 12:02:51"
210,1,126,"2018-02-12 23:35:16","2018-02-12 23:45:57","2018-02-12 23:45:57"
211,1,130,"2018-02-12 05:54:50","2018-02-12 06:36:17","2018-02-12 06:36:17"
212,1,132,"2018-02-12 04:50:27","2018-02-12 05:29:10","2018-02-12 05:29:10"
213,1,133,"2018-02-12 17:50:23","2018-02-12 18:46:23","2018-02-12 18:46:23"
214,1,146,"2018-02-12 01:10:19","2018-02-12 01:42:26","2018-02-12 01:42:26"
215,1,102,"2018-02-13 08:29:29","2018-02-13 09:13:51","2018-02-13 09:13:51"
216,1,126,"2018-02-13 12:07:05","2018-02-13 12:47:25","2018-02-13 12:47:25"
217,1,135,"2018-02-13 22:52:41","2018-02-13 23:12:32","2018-02-13 23:12:32"
218,1,150,"2018-02-13 01:44:58","2018-02-13 02:12:22","2018-02-13 02:12:22"
219,1,151,"2018-02-13 09:48:01","2018-02-13 10:24:00","2018-02-13 10:24:00"
220,1,152,"2018-02-13 05:29:07","2018-02-13 06:08:53","2018-02-13 06:08:53"
221,1,153,"2018-02-13 01:07:09","2018-02-13 01:37:54","2018-02-13 01:37:54"
222,1,154,"2018-02-13 19:24:55","2018-02-13 19:53:29","2018-02-13 19:53:29"
223,1,155,"2018-02-13 19:02:34","2018-02-13 19:53:35","2018-02-13 19:53:35"
224,1,156,"2018-02-13 23:29:22","2018-02-14 00:15:28","2018-02-14 00:15:28"
225,1,157,"2018-02-13 00:02:00","2018-02-13 00:33:00","2018-02-13 00:33:00"
226,1,158,"2018-02-13 11:21:59","2018-02-13 11:56:07","2018-02-13 11:56:07"
227,1,159,"2018-02-13 17:27:37","2018-02-13 17:34:06","2018-02-13 17:34:06"
228,1,160,"2018-02-13 20:17:37","2018-02-13 20:43:56","2018-02-13 20:43:56"
229,1,161,"2018-02-13 07:46:48","2018-02-13 08:09:49","2018-02-13 08:09:49"
230,1,162,"2018-02-13 12:52:34","2018-02-13 13:04:04","2018-02-13 13:04:04"
231,1,163,"2018-02-13 20:29:49","2018-02-13 20:46:31","2018-02-13 20:46:31"
232,1,164,"2018-02-13 01:23:07","2018-02-13 01:57:51","2018-02-13 01:57:51"
233,1,165,"2018-02-13 04:11:09","2018-02-13 04:38:46","2018-02-13 04:38:46"
234,1,166,"2018-02-13 06:21:25","2018-02-13 06:37:15","2018-02-13 06:37:15"
235,1,167,"2018-02-13 10:26:29","2018-02-13 11:11:32","2018-02-13 11:11:32"
236,1,168,"2018-02-13 16:27:11","2018-02-13 16:45:40","2018-02-13 16:45:40"
237,1,169,"2018-02-13 23:15:08","2018-02-13 23:39:56","2018-02-13 23:39:56"
238,1,170,"2018-02-13 16:17:11","2018-02-13 16:37:27","2018-02-13 16:37:27"
239,1,171,"2018-02-13 17:33:23","2018-02-13 17:52:45","2018-02-13 17:52:45"
240,1,172,"2018-02-13 05:18:07","2018-02-13 05:34:24","2018-02-13 05:34:24"
241,1,173,"2018-02-13 16:43:39","2018-02-13 17:03:44","2018-02-13 17:03:44"
242,1,174,"2018-02-13 02:44:12","2018-02-13 02:53:44","2018-02-13 02:53:44"
243,1,175,"2018-02-13 19:21:56","2018-02-13 19:45:20","2018-02-13 19:45:20"
244,1,176,"2018-02-13 10:03:27","2018-02-13 10:55:04","2018-02-13 10:55:04"
245,1,177,"2018-02-13 03:16:34","2018-02-13 03:53:50","2018-02-13 03:53:50"
246,1,178,"2018-02-13 22:11:12","2018-02-13 22:41:15","2018-02-13 22:41:15"
247,1,179,"2018-02-13 21:42:15","2018-02-13 22:03:57","2018-02-13 22:03:57"
248,1,180,"2018-02-13 16:00:19","2018-02-13 16:35:48","2018-02-13 16:35:48"
249,1,181,"2018-02-13 22:10:37","2018-02-13 22:42:08","2018-02-13 22:42:08"
250,1,182,"2018-02-13 21:44:08","2018-02-13 22:26:02","2018-02-13 22:26:02"
251,1,183,"2018-02-13 19:07:54","2018-02-13 19:32:19","2018-02-13 19:32:19"
252,1,184,"2018-02-13 04:09:39","2018-02-13 04:53:19","2018-02-13 04:53:19"
253,1,185,"2018-02-13 22:15:15","2018-02-13 22:47:00","2018-02-13 22:47:00"
254,1,186,"2018-02-13 05:08:57","2018-02-13 05:28:57","2018-02-13 05:28:57"
255,1,187,"2018-02-13 10:26:13","2018-02-13 10:42:20","2018-02-13 10:42:20"
256,1,188,"2018-02-13 21:12:58","2018-02-13 21:50:10","2018-02-13 21:50:10"
257,1,189,"2018-02-13 10:10:27","2018-02-13 10:50:53","2018-02-13 10:50:53"
258,1,190,"2018-02-13 02:37:17","2018-02-13 03:25:15","2018-02-13 03:25:15"
259,1,191,"2018-02-13 11:20:49","2018-02-13 12:10:53","2018-02-13 12:10:53"
260,1,192,"2018-02-13 09:54:59","2018-02-13 10:31:23","2018-02-13 10:31:23"
261,1,193,"2018-02-13 06:04:25","2018-02-13 06:43:15","2018-02-13 06:43:15"
262,1,194,"2018-02-13 06:37:37","2018-02-13 07:00:45","2018-02-13 07:00:45"
263,1,195,"2018-02-13 02:09:25","2018-02-13 02:59:33","2018-02-13 02:59:33"
264,1,196,"2018-02-13 20:00:01","2018-02-13 20:46:29","2018-02-13 20:46:29"
265,1,155,"2018-02-13 03:53:25","2018-02-13 04:20:45","2018-02-13 04:20:45"
266,1,159,"2018-02-13 18:47:51","2018-02-13 19:28:44","2018-02-13 19:28:44"
267,1,162,"2018-02-13 15:41:29","2018-02-13 16:13:15","2018-02-13 16:13:15"
268,1,175,"2018-02-13 13:58:22","2018-02-13 14:36:32","2018-02-13 14:36:32"
269,1,34,"2018-02-14 11:20:59","2018-02-14 11:42:59","2018-02-14 11:42:59"
270,1,135,"2018-02-14 07:04:01","2018-02-14 07:18:51","2018-02-14 07:18:51"
271,1,156,"2018-02-14 06:24:09","2018-02-14 06:59:15","2018-02-14 06:59:15"
272,1,159,"2018-02-14 07:22:57","2018-02-14 07:49:42","2018-02-14 07:49:42"
273,1,160,"2018-02-14 20:10:33","2018-02-14 20:32:10","2018-02-14 20:32:10"
274,1,163,"2018-02-14 07:48:39","2018-02-14 08:26:22","2018-02-14 08:26:22"
275,1,165,"2018-02-14 16:40:07","2018-02-14 17:00:15","2018-02-14 17:00:15"
276,1,169,"2018-02-14 11:05:16","2018-02-14 11:25:04","2018-02-14 11:25:04"
277,1,171,"2018-02-14 04:11:26","2018-02-14 04:39:40","2018-02-14 04:39:40"
278,1,173,"2018-02-14 02:34:26","2018-02-14 03:07:52","2018-02-14 03:07:52"
279,1,175,"2018-02-14 09:33:15","2018-02-14 10:05:21","2018-02-14 10:05:21"
280,1,178,"2018-02-14 16:15:38","2018-02-14 16:31:12","2018-02-14 16:31:12"
281,1,180,"2018-02-14 12:54:49","2018-02-14 13:14:13","2018-02-14 13:14:13"
282,1,181,"2018-02-14 01:58:23","2018-02-14 02:27:41","2018-02-14 02:27:41"
283,1,182,"2018-02-14 09:27:38","2018-02-14 09:58:50","2018-02-14 09:58:50"
284,1,183,"2018-02-14 04:47:32","2018-02-14 05:03:45","2018-02-14 05:03:45"
285,1,185,"2018-02-14 14:13:09","2018-02-14 14:43:55","2018-02-14 14:43:55"
286,1,197,"2018-02-14 16:23:25","2018-02-14 17:06:18","2018-02-14 17:06:18"
287,1,198,"2018-02-14 17:01:38","2018-02-14 17:30:38","2018-02-14 17:30:38"
288,1,199,"2018-02-14 12:50:56","2018-02-14 13:23:50","2018-02-14 13:23:50"
289,1,200,"2018-02-14 22:30:11","2018-02-14 23:18:53","2018-02-14 23:18:53"
290,1,201,"2018-02-14 10:07:02","2018-02-14 10:23:36","2018-02-14 10:23:36"
291,1,202,"2018-02-14 12:05:17","2018-02-14 12:42:18","2018-02-14 12:42:18"
292,1,203,"2018-02-14 17:51:33","2018-02-14 18:37:08","2018-02-14 18:37:08"
293,1,204,"2018-02-14 22:20:17","2018-02-14 22:58:41","2018-02-14 22:58:41"
294,1,205,"2018-02-14 12:50:47","2018-02-14 13:30:37","2018-02-14 13:30:37"
295,1,206,"2018-02-14 18:56:08","2018-02-14 19:16:47","2018-02-14 19:16:47"
296,1,207,"2018-02-14 12:52:58","2018-02-14 13:34:04","2018-02-14 13:34:04"
297,1,208,"2018-02-14 20:17:58","2018-02-14 20:56:45","2018-02-14 20:56:45"
298,1,209,"2018-02-14 08:01:12","2018-02-14 08:30:44","2018-02-14 08:30:44"
299,1,210,"2018-02-14 03:59:49","2018-02-14 04:28:57","2018-02-14 04:28:57"
300,1,211,"2018-02-14 23:36:28","2018-02-14 23:44:19","2018-02-14 23:44:19"
301,1,212,"2018-02-14 21:14:22","2018-02-14 21:50:17","2018-02-14 21:50:17"
302,1,213,"2018-02-14 13:40:16","2018-02-14 13:46:55","2018-02-14 13:46:55"
303,1,214,"2018-02-14 12:19:19","2018-02-14 12:55:45","2018-02-14 12:55:45"
304,1,215,"2018-02-14 06:22:12","2018-02-14 06:45:18","2018-02-14 06:45:18"
305,1,216,"2018-02-14 09:31:55","2018-02-14 09:54:59","2018-02-14 09:54:59"
306,1,217,"2018-02-14 01:35:22","2018-02-14 02:21:06","2018-02-14 02:21:06"
307,1,218,"2018-02-14 10:03:18","2018-02-14 10:44:07","2018-02-14 10:44:07"
308,1,219,"2018-02-14 12:17:50","2018-02-14 12:46:19","2018-02-14 12:46:19"
309,1,220,"2018-02-14 02:12:26","2018-02-14 02:43:51","2018-02-14 02:43:51"
310,1,221,"2018-02-14 00:33:40","2018-02-14 01:06:09","2018-02-14 01:06:09"
311,1,222,"2018-02-14 20:21:31","2018-02-14 20:38:00","2018-02-14 20:38:00"
312,1,223,"2018-02-14 23:59:47","2018-02-15 00:19:28","2018-02-15 00:19:28"
313,1,224,"2018-02-14 08:53:04","2018-02-14 08:59:17","2018-02-14 08:59:17"
314,1,225,"2018-02-14 21:31:41","2018-02-14 22:03:58","2018-02-14 22:03:58"
315,1,226,"2018-02-14 16:53:35","2018-02-14 17:25:17","2018-02-14 17:25:17"
316,1,227,"2018-02-14 22:58:26","2018-02-14 23:39:28","2018-02-14 23:39:28"
317,1,228,"2018-02-14 14:11:04","2018-02-14 14:55:05","2018-02-14 14:55:05"
318,1,229,"2018-02-14 14:21:29","2018-02-14 14:45:17","2018-02-14 14:45:17"
319,1,230,"2018-02-14 01:23:05","2018-02-14 02:03:40","2018-02-14 02:03:40"
320,1,231,"2018-02-14 12:20:54","2018-02-14 12:27:54","2018-02-14 12:27:54"
321,1,232,"2018-02-14 03:58:34","2018-02-14 04:14:11","2018-02-14 04:14:11"
322,1,233,"2018-02-14 17:26:20","2018-02-14 17:58:08","2018-02-14 17:58:08"
323,1,234,"2018-02-14 08:00:54","2018-02-14 08:36:40","2018-02-14 08:36:40"
324,1,235,"2018-02-14 02:31:33","2018-02-14 03:08:27","2018-02-14 03:08:27"
325,1,236,"2018-02-14 23:49:51","2018-02-15 00:19:43","2018-02-15 00:19:43"
326,1,237,"2018-02-14 05:03:35","2018-02-14 05:19:17","2018-02-14 05:19:17"
327,1,238,"2018-02-14 11:10:08","2018-02-14 11:28:28","2018-02-14 11:28:28"
328,1,239,"2018-02-14 22:24:23","2018-02-14 23:18:24","2018-02-14 23:18:24"
329,1,240,"2018-02-14 23:57:08","2018-02-15 00:36:00","2018-02-15 00:36:00"
330,1,241,"2018-02-14 12:07:40","2018-02-14 12:46:02","2018-02-14 12:46:02"
331,1,242,"2018-02-14 08:18:33","2018-02-14 09:03:12","2018-02-14 09:03:12"
332,1,243,"2018-02-14 22:18:10","2018-02-14 22:42:33","2018-02-14 22:42:33"
333,1,156,"2018-02-14 00:09:25","2018-02-14 00:29:59","2018-02-14 00:29:59"
334,1,83,"2018-02-15 08:54:19","2018-02-15 09:35:51","2018-02-15 09:35:51"
335,1,117,"2018-02-15 10:35:32","2018-02-15 11:17:01","2018-02-15 11:17:01"
336,1,123,"2018-02-15 02:49:17","2018-02-15 03:21:18","2018-02-15 03:21:18"
337,1,160,"2018-02-15 03:20:58","2018-02-15 03:51:21","2018-02-15 03:51:21"
338,1,169,"2018-02-15 06:09:16","2018-02-15 06:34:39","2018-02-15 06:34:39"
339,1,175,"2018-02-15 12:04:11","2018-02-15 12:18:31","2018-02-15 12:18:31"
340,1,178,"2018-02-15 14:34:09","2018-02-15 15:04:17","2018-02-15 15:04:17"
341,1,182,"2018-02-15 18:46:22","2018-02-15 19:04:47","2018-02-15 19:04:47"
342,1,185,"2018-02-15 12:03:03","2018-02-15 12:44:42","2018-02-15 12:44:42"
343,1,192,"2018-02-15 20:12:37","2018-02-15 20:28:34","2018-02-15 20:28:34"
344,1,200,"2018-02-15 07:57:01","2018-02-15 08:13:31","2018-02-15 08:13:31"
345,1,204,"2018-02-15 10:59:41","2018-02-15 11:41:06","2018-02-15 11:41:06"
346,1,206,"2018-02-15 22:38:39","2018-02-15 23:13:30","2018-02-15 23:13:30"
347,1,207,"2018-02-15 22:06:14","2018-02-15 22:43:55","2018-02-15 22:43:55"
348,1,208,"2018-02-15 03:02:42","2018-02-15 03:35:25","2018-02-15 03:35:25"
349,1,211,"2018-02-15 23:27:23","2018-02-15 23:53:04","2018-02-15 23:53:04"
350,1,212,"2018-02-15 03:37:35","2018-02-15 03:54:22","2018-02-15 03:54:22"
351,1,222,"2018-02-15 19:41:11","2018-02-15 20:08:58","2018-02-15 20:08:58"
352,1,223,"2018-02-15 01:38:25","2018-02-15 02:25:54","2018-02-15 02:25:54"
353,1,225,"2018-02-15 06:18:42","2018-02-15 06:34:33","2018-02-15 06:34:33"
354,1,226,"2018-02-15 11:29:22","2018-02-15 12:08:07","2018-02-15 12:08:07"
355,1,227,"2018-02-15 22:00:58","2018-02-15 22:30:51","2018-02-15 22:30:51"
356,1,228,"2018-02-15 12:56:21","2018-02-15 13:41:44","2018-02-15 13:41:44"
357,1,231,"2018-02-15 09:37:47","2018-02-15 10:18:19","2018-02-15 10:18:19"
358,1,233,"2018-02-15 11:57:48","2018-02-15 12:54:55","2018-02-15 12:54:55"
359,1,235,"2018-02-15 12:34:40","2018-02-15 13:05:31","2018-02-15 13:05:31"
360,1,236,"2018-02-15 02:19:57","2018-02-15 02:53:24","2018-02-15 02:53:24"
361,1,239,"2018-02-15 19:52:36","2018-02-15 20:31:05","2018-02-15 20:31:05"
362,1,240,"2018-02-15 05:40:00","2018-02-15 06:02:31","2018-02-15 06:02:31"
363,1,242,"2018-02-15 14:12:04","2018-02-15 14:40:01","2018-02-15 14:40:01"
364,1,243,"2018-02-15 07:40:51","2018-02-15 07:56:52","2018-02-15 07:56:52"
365,1,244,"2018-02-15 16:25:19","2018-02-15 17:05:44","2018-02-15 17:05:44"
366,1,245,"2018-02-15 06:11:04","2018-02-15 06:35:22","2018-02-15 06:35:22"
367,1,246,"2018-02-15 11:59:29","2018-02-15 12:40:20","2018-02-15 12:40:20"
368,1,247,"2018-02-15 14:28:25","2018-02-15 15:14:00","2018-02-15 15:14:00"
369,1,248,"2018-02-15 18:12:41","2018-02-15 18:52:54","2018-02-15 18:52:54"
370,1,249,"2018-02-15 16:25:13","2018-02-15 16:34:11","2018-02-15 16:34:11"
371,1,250,"2018-02-15 22:03:06","2018-02-15 22:51:02","2018-02-15 22:51:02"
372,1,251,"2018-02-15 02:01:33","2018-02-15 02:27:17","2018-02-15 02:27:17"
373,1,252,"2018-02-15 07:19:10","2018-02-15 07:48:07","2018-02-15 07:48:07"
374,1,253,"2018-02-15 08:29:51","2018-02-15 09:16:17","2018-02-15 09:16:17"
375,1,254,"2018-02-15 12:36:41","2018-02-15 12:38:37","2018-02-15 12:38:37"
376,1,255,"2018-02-15 08:53:25","2018-02-15 09:22:25","2018-02-15 09:22:25"
377,1,256,"2018-02-15 22:31:44","2018-02-15 22:43:36","2018-02-15 22:43:36"
378,1,257,"2018-02-15 02:50:06","2018-02-15 03:27:43","2018-02-15 03:27:43"
379,1,258,"2018-02-15 13:01:48","2018-02-15 13:45:11","2018-02-15 13:45:11"
380,1,259,"2018-02-15 02:01:47","2018-02-15 02:24:57","2018-02-15 02:24:57"
381,1,260,"2018-02-15 17:50:40","2018-02-15 18:13:46","2018-02-15 18:13:46"
382,1,261,"2018-02-15 01:30:40","2018-02-15 01:55:20","2018-02-15 01:55:20"
383,1,262,"2018-02-15 17:48:37","2018-02-15 17:59:18","2018-02-15 17:59:18"
384,1,263,"2018-02-15 09:18:30","2018-02-15 09:53:24","2018-02-15 09:53:24"
385,1,264,"2018-02-15 22:28:58","2018-02-15 22:39:34","2018-02-15 22:39:34"
386,1,265,"2018-02-15 23:59:24","2018-02-16 00:22:37","2018-02-16 00:22:37"
387,1,266,"2018-02-15 23:26:29","2018-02-15 23:53:58","2018-02-15 23:53:58"
388,1,267,"2018-02-15 17:30:20","2018-02-15 17:47:23","2018-02-15 17:47:23"
389,1,268,"2018-02-15 16:49:43","2018-02-15 17:16:16","2018-02-15 17:16:16"
390,1,269,"2018-02-15 09:29:03","2018-02-15 10:05:53","2018-02-15 10:05:53"
391,1,270,"2018-02-15 19:07:13","2018-02-15 19:12:57","2018-02-15 19:12:57"
392,1,271,"2018-02-15 08:49:52","2018-02-15 09:23:08","2018-02-15 09:23:08"
393,1,272,"2018-02-15 14:43:54","2018-02-15 15:23:46","2018-02-15 15:23:46"
394,1,273,"2018-02-15 04:05:04","2018-02-15 04:30:14","2018-02-15 04:30:14"
395,1,274,"2018-02-15 22:38:55","2018-02-15 23:00:25","2018-02-15 23:00:25"
396,1,275,"2018-02-15 06:00:36","2018-02-15 06:27:43","2018-02-15 06:27:43"
397,1,276,"2018-02-15 23:26:54","2018-02-16 00:03:15","2018-02-16 00:03:15"
398,1,277,"2018-02-15 22:00:15","2018-02-15 22:10:47","2018-02-15 22:10:47"
399,1,278,"2018-02-15 21:31:40","2018-02-15 22:00:09","2018-02-15 22:00:09"
400,1,279,"2018-02-15 17:05:47","2018-02-15 18:00:15","2018-02-15 18:00:15"
401,1,280,"2018-02-15 13:34:31","2018-02-15 13:43:41","2018-02-15 13:43:41"
402,1,281,"2018-02-15 08:35:13","2018-02-15 09:15:14","2018-02-15 09:15:14"
403,1,282,"2018-02-15 00:21:34","2018-02-15 00:59:53","2018-02-15 00:59:53"
404,1,283,"2018-02-15 03:34:20","2018-02-15 04:04:21","2018-02-15 04:04:21"
405,1,284,"2018-02-15 14:09:13","2018-02-15 14:55:11","2018-02-15 14:55:11"
406,1,285,"2018-02-15 20:51:17","2018-02-15 21:38:47","2018-02-15 21:38:47"
407,1,286,"2018-02-15 19:39:43","2018-02-15 19:42:27","2018-02-15 19:42:27"
408,1,287,"2018-02-15 17:43:13","2018-02-15 18:17:41","2018-02-15 18:17:41"
409,1,288,"2018-02-15 11:20:49","2018-02-15 12:12:32","2018-02-15 12:12:32"
410,1,289,"2018-02-15 10:24:42","2018-02-15 10:55:20","2018-02-15 10:55:20"
411,1,290,"2018-02-15 21:46:23","2018-02-15 22:04:36","2018-02-15 22:04:36"
412,1,211,"2018-02-15 08:17:18","2018-02-15 08:45:02","2018-02-15 08:45:02"
413,1,223,"2018-02-15 06:30:58","2018-02-15 07:02:21","2018-02-15 07:02:21"
414,1,254,"2018-02-15 22:33:19","2018-02-15 22:59:28","2018-02-15 22:59:28"
415,1,266,"2018-02-15 12:33:56","2018-02-15 13:07:05","2018-02-15 13:07:05"
416,1,123,"2018-02-16 08:41:44","2018-02-16 09:25:59","2018-02-16 09:25:59"
417,1,140,"2018-02-16 19:32:05","2018-02-16 19:47:57","2018-02-16 19:47:57"
418,1,162,"2018-02-16 07:05:57","2018-02-16 07:26:06","2018-02-16 07:26:06"
419,1,181,"2018-02-16 14:31:00","2018-02-16 15:15:44","2018-02-16 15:15:44"
420,1,182,"2018-02-16 14:30:18","2018-02-16 15:01:54","2018-02-16 15:01:54"
421,1,192,"2018-02-16 14:20:48","2018-02-16 14:41:41","2018-02-16 14:41:41"
422,1,195,"2018-02-16 22:33:27","2018-02-16 23:08:58","2018-02-16 23:08:58"
423,1,199,"2018-02-16 12:29:18","2018-02-16 13:06:30","2018-02-16 13:06:30"
424,1,206,"2018-02-16 18:34:32","2018-02-16 19:07:14","2018-02-16 19:07:14"
425,1,207,"2018-02-16 07:17:33","2018-02-16 07:46:46","2018-02-16 07:46:46"
426,1,211,"2018-02-16 01:25:30","2018-02-16 02:08:57","2018-02-16 02:08:57"
427,1,222,"2018-02-16 10:04:05","2018-02-16 10:44:27","2018-02-16 10:44:27"
428,1,226,"2018-02-16 23:56:53","2018-02-17 00:23:05","2018-02-17 00:23:05"
429,1,227,"2018-02-16 23:26:54","2018-02-17 00:23:52","2018-02-17 00:23:52"
430,1,231,"2018-02-16 05:40:42","2018-02-16 05:58:53","2018-02-16 05:58:53"
431,1,247,"2018-02-16 04:09:42","2018-02-16 04:29:17","2018-02-16 04:29:17"
432,1,250,"2018-02-16 10:04:29","2018-02-16 10:48:04","2018-02-16 10:48:04"
433,1,254,"2018-02-16 20:06:57","2018-02-16 20:50:57","2018-02-16 20:50:57"
434,1,256,"2018-02-16 04:23:51","2018-02-16 05:00:50","2018-02-16 05:00:50"
435,1,258,"2018-02-16 04:36:48","2018-02-16 05:10:32","2018-02-16 05:10:32"
436,1,262,"2018-02-16 20:44:57","2018-02-16 21:19:42","2018-02-16 21:19:42"
437,1,264,"2018-02-16 08:10:43","2018-02-16 08:35:36","2018-02-16 08:35:36"
438,1,265,"2018-02-16 18:30:14","2018-02-16 18:58:30","2018-02-16 18:58:30"
439,1,268,"2018-02-16 15:50:08","2018-02-16 16:07:48","2018-02-16 16:07:48"
440,1,269,"2018-02-16 11:11:57","2018-02-16 11:47:12","2018-02-16 11:47:12"
441,1,272,"2018-02-16 19:17:19","2018-02-16 19:40:16","2018-02-16 19:40:16"
442,1,274,"2018-02-16 22:32:05","2018-02-16 22:48:40","2018-02-16 22:48:40"
443,1,276,"2018-02-16 08:21:44","2018-02-16 08:48:38","2018-02-16 08:48:38"
444,1,277,"2018-02-16 15:27:42","2018-02-16 16:01:32","2018-02-16 16:01:32"
445,1,278,"2018-02-16 21:23:24","2018-02-16 21:50:29","2018-02-16 21:50:29"
446,1,280,"2018-02-16 09:21:57","2018-02-16 10:07:38","2018-02-16 10:07:38"
447,1,285,"2018-02-16 03:19:30","2018-02-16 03:59:45","2018-02-16 03:59:45"
448,1,286,"2018-02-16 03:39:24","2018-02-16 04:04:12","2018-02-16 04:04:12"
449,1,287,"2018-02-16 17:35:43","2018-02-16 18:04:57","2018-02-16 18:04:57"
450,1,289,"2018-02-16 23:13:21","2018-02-16 23:43:29","2018-02-16 23:43:29"
451,1,290,"2018-02-16 05:59:30","2018-02-16 06:40:23","2018-02-16 06:40:23"
452,1,291,"2018-02-16 21:11:50","2018-02-16 21:33:16","2018-02-16 21:33:16"
453,1,123,"2018-02-16 23:23:10","2018-02-17 00:14:29","2018-02-17 00:14:29"
454,1,262,"2018-02-16 16:01:16","2018-02-16 16:25:59","2018-02-16 16:25:59"
455,1,123,"2018-02-17 04:34:41","2018-02-17 05:15:52","2018-02-17 05:15:52"
456,1,140,"2018-02-17 15:32:44","2018-02-17 16:09:42","2018-02-17 16:09:42"
457,1,183,"2018-02-17 18:45:37","2018-02-17 19:01:11","2018-02-17 19:01:11"
458,1,192,"2018-02-17 11:28:21","2018-02-17 11:54:50","2018-02-17 11:54:50"
459,1,195,"2018-02-17 12:41:21","2018-02-17 13:06:16","2018-02-17 13:06:16"
460,1,206,"2018-02-17 10:14:03","2018-02-17 10:49:49","2018-02-17 10:49:49"
461,1,226,"2018-02-17 18:49:22","2018-02-17 19:42:38","2018-02-17 19:42:38"
462,1,227,"2018-02-17 03:11:32","2018-02-17 03:52:59","2018-02-17 03:52:59"
463,1,231,"2018-02-17 04:16:24","2018-02-17 04:30:13","2018-02-17 04:30:13"
464,1,233,"2018-02-17 20:09:23","2018-02-17 20:54:53","2018-02-17 20:54:53"
465,1,240,"2018-02-17 15:48:14","2018-02-17 16:18:33","2018-02-17 16:18:33"
466,1,248,"2018-02-17 10:18:35","2018-02-17 10:37:19","2018-02-17 10:37:19"
467,1,250,"2018-02-17 07:11:46","2018-02-17 07:44:39","2018-02-17 07:44:39"
468,1,254,"2018-02-17 01:32:19","2018-02-17 02:18:24","2018-02-17 02:18:24"
469,1,262,"2018-02-17 16:01:31","2018-02-17 16:26:00","2018-02-17 16:26:00"
470,1,265,"2018-02-17 05:22:52","2018-02-17 05:41:39","2018-02-17 05:41:39"
471,1,268,"2018-02-17 14:08:26","2018-02-17 14:26:33","2018-02-17 14:26:33"
472,1,271,"2018-02-17 03:02:55","2018-02-17 03:40:24","2018-02-17 03:40:24"
473,1,272,"2018-02-17 14:48:14","2018-02-17 15:22:37","2018-02-17 15:22:37"
474,1,274,"2018-02-17 14:56:41","2018-02-17 15:41:50","2018-02-17 15:41:50"
475,1,276,"2018-02-17 18:18:12","2018-02-17 18:59:19","2018-02-17 18:59:19"
476,1,277,"2018-02-17 11:22:23","2018-02-17 11:58:51","2018-02-17 11:58:51"
477,1,278,"2018-02-17 22:58:33","2018-02-17 23:17:46","2018-02-17 23:17:46"
478,1,283,"2018-02-17 10:38:13","2018-02-17 11:24:27","2018-02-17 11:24:27"
479,1,287,"2018-02-17 16:27:40","2018-02-17 17:05:35","2018-02-17 17:05:35"
480,1,289,"2018-02-17 00:47:20","2018-02-17 01:21:16","2018-02-17 01:21:16"
481,1,291,"2018-02-17 19:45:52","2018-02-17 20:24:48","2018-02-17 20:24:48"
482,1,292,"2018-02-17 22:16:44","2018-02-17 22:45:21","2018-02-17 22:45:21"
483,1,140,"2018-02-17 18:35:02","2018-02-17 18:56:15","2018-02-17 18:56:15"
484,1,262,"2018-02-17 16:59:10","2018-02-17 17:29:10","2018-02-17 17:29:10"
485,1,126,"2018-02-18 15:59:35","2018-02-18 16:22:09","2018-02-18 16:22:09"
486,1,140,"2018-02-18 13:01:18","2018-02-18 13:39:58","2018-02-18 13:39:58"
487,1,151,"2018-02-18 21:18:21","2018-02-18 21:43:49","2018-02-18 21:43:49"
488,1,191,"2018-02-18 20:27:06","2018-02-18 20:39:34","2018-02-18 20:39:34"
489,1,226,"2018-02-18 13:02:24","2018-02-18 13:26:31","2018-02-18 13:26:31"
490,1,233,"2018-02-18 04:43:09","2018-02-18 05:02:10","2018-02-18 05:02:10"
491,1,248,"2018-02-18 11:37:05","2018-02-18 12:01:54","2018-02-18 12:01:54"
492,1,268,"2018-02-18 09:55:21","2018-02-18 10:41:46","2018-02-18 10:41:46"
493,1,276,"2018-02-18 22:11:07","2018-02-18 23:01:39","2018-02-18 23:01:39"
494,1,277,"2018-02-18 00:33:18","2018-02-18 00:56:48","2018-02-18 00:56:48"
495,1,278,"2018-02-18 02:07:20","2018-02-18 02:47:46","2018-02-18 02:47:46"
496,1,291,"2018-02-18 16:10:29","2018-02-18 16:39:18","2018-02-18 16:39:18"
497,1,292,"2018-02-18 22:13:32","2018-02-18 22:39:28","2018-02-18 22:39:28"
498,1,191,"2018-02-18 23:25:04","2018-02-18 23:48:56","2018-02-18 23:48:56"
499,1,248,"2018-02-18 21:28:12","2018-02-18 21:44:01","2018-02-18 21:44:01"
500,1,61,"2018-02-19 09:12:07","2018-02-19 09:46:55","2018-02-19 09:46:55"
501,1,126,"2018-02-19 21:50:01","2018-02-19 22:16:41","2018-02-19 22:16:41"
502,1,139,"2018-02-19 12:05:16","2018-02-19 12:37:16","2018-02-19 12:37:16"
503,1,151,"2018-02-19 21:54:50","2018-02-19 22:18:51","2018-02-19 22:18:51"
504,1,184,"2018-02-19 05:04:22","2018-02-19 05:24:48","2018-02-19 05:24:48"
505,1,191,"2018-02-19 12:02:12","2018-02-19 12:12:41","2018-02-19 12:12:41"
506,1,198,"2018-02-19 06:44:11","2018-02-19 07:07:20","2018-02-19 07:07:20"
507,1,226,"2018-02-19 14:27:46","2018-02-19 15:14:11","2018-02-19 15:14:11"
508,1,248,"2018-02-19 15:14:13","2018-02-19 15:57:04","2018-02-19 15:57:04"
509,1,250,"2018-02-19 15:29:37","2018-02-19 16:02:45","2018-02-19 16:02:45"
510,1,276,"2018-02-19 05:31:27","2018-02-19 05:59:52","2018-02-19 05:59:52"
511,1,285,"2018-02-19 10:52:16","2018-02-19 11:39:10","2018-02-19 11:39:10"
512,1,287,"2018-02-19 22:37:55","2018-02-19 23:34:50","2018-02-19 23:34:50"
513,1,292,"2018-02-19 16:36:07","2018-02-19 17:03:01","2018-02-19 17:03:01"
514,1,285,"2018-02-19 09:10:21","2018-02-19 09:12:25","2018-02-19 09:12:25"
515,1,126,"2018-02-20 11:37:01","2018-02-20 12:08:57","2018-02-20 12:08:57"
516,1,151,"2018-02-20 23:29:24","2018-02-20 23:43:44","2018-02-20 23:43:44"
517,1,182,"2018-02-20 22:12:35","2018-02-20 23:12:04","2018-02-20 23:12:04"
518,1,185,"2018-02-20 00:49:40","2018-02-20 01:13:10","2018-02-20 01:13:10"
519,1,226,"2018-02-20 06:53:41","2018-02-20 07:19:44","2018-02-20 07:19:44"
520,1,248,"2018-02-20 22:06:07","2018-02-20 22:35:20","2018-02-20 22:35:20"
521,1,276,"2018-02-20 16:57:00","2018-02-20 17:22:33","2018-02-20 17:22:33"
522,1,280,"2018-02-20 08:54:43","2018-02-20 09:15:48","2018-02-20 09:15:48"
523,1,285,"2018-02-20 10:40:42","2018-02-20 11:03:52","2018-02-20 11:03:52"
524,1,287,"2018-02-20 18:45:27","2018-02-20 19:00:20","2018-02-20 19:00:20"
525,1,292,"2018-02-20 21:30:53","2018-02-20 21:58:17","2018-02-20 21:58:17"
526,1,293,"2018-02-20 16:20:39","2018-02-20 16:52:14","2018-02-20 16:52:14"
527,1,294,"2018-02-20 20:34:45","2018-02-20 20:57:10","2018-02-20 20:57:10"
528,1,295,"2018-02-20 19:41:07","2018-02-20 20:07:53","2018-02-20 20:07:53"
529,1,296,"2018-02-20 01:27:08","2018-02-20 01:57:30","2018-02-20 01:57:30"
530,1,297,"2018-02-20 00:40:50","2018-02-20 01:07:21","2018-02-20 01:07:21"
531,1,298,"2018-02-20 04:04:16","2018-02-20 04:37:42","2018-02-20 04:37:42"
532,1,299,"2018-02-20 02:40:45","2018-02-20 03:18:28","2018-02-20 03:18:28"
533,1,300,"2018-02-20 21:42:45","2018-02-20 22:26:37","2018-02-20 22:26:37"
534,1,280,"2018-02-20 22:22:04","2018-02-20 23:10:26","2018-02-20 23:10:26"
535,1,294,"2018-02-20 12:33:51","2018-02-20 13:03:26","2018-02-20 13:03:26"
536,1,137,"2018-02-21 21:51:18","2018-02-21 22:20:09","2018-02-21 22:20:09"
537,1,151,"2018-02-21 17:13:21","2018-02-21 17:45:31","2018-02-21 17:45:31"
538,1,162,"2018-02-21 22:25:54","2018-02-21 22:41:37","2018-02-21 22:41:37"
539,1,182,"2018-02-21 20:52:59","2018-02-21 21:32:00","2018-02-21 21:32:00"
540,1,183,"2018-02-21 02:56:07","2018-02-21 03:25:43","2018-02-21 03:25:43"
541,1,198,"2018-02-21 12:52:42","2018-02-21 13:12:54","2018-02-21 13:12:54"
542,1,231,"2018-02-21 05:11:28","2018-02-21 05:35:43","2018-02-21 05:35:43"
543,1,235,"2018-02-21 20:38:36","2018-02-21 21:17:17","2018-02-21 21:17:17"
544,1,248,"2018-02-21 19:31:04","2018-02-21 20:22:15","2018-02-21 20:22:15"
545,1,268,"2018-02-21 06:56:29","2018-02-21 07:37:11","2018-02-21 07:37:11"
546,1,276,"2018-02-21 14:01:27","2018-02-21 14:52:14","2018-02-21 14:52:14"
547,1,280,"2018-02-21 08:30:55","2018-02-21 08:54:34","2018-02-21 08:54:34"
548,1,285,"2018-02-21 05:56:02","2018-02-21 06:21:37","2018-02-21 06:21:37"
549,1,287,"2018-02-21 00:13:12","2018-02-21 00:41:42","2018-02-21 00:41:42"
550,1,292,"2018-02-21 20:49:04","2018-02-21 20:58:43","2018-02-21 20:58:43"
551,1,293,"2018-02-21 14:09:38","2018-02-21 14:43:33","2018-02-21 14:43:33"
552,1,294,"2018-02-21 17:34:51","2018-02-21 18:06:53","2018-02-21 18:06:53"
553,1,295,"2018-02-21 02:49:48","2018-02-21 03:27:23","2018-02-21 03:27:23"
554,1,298,"2018-02-21 14:10:43","2018-02-21 14:19:59","2018-02-21 14:19:59"
555,1,300,"2018-02-21 08:19:05","2018-02-21 08:52:18","2018-02-21 08:52:18"
556,1,301,"2018-02-21 05:24:45","2018-02-21 05:43:49","2018-02-21 05:43:49"
557,1,302,"2018-02-21 01:33:27","2018-02-21 02:06:52","2018-02-21 02:06:52"
558,1,303,"2018-02-21 19:36:39","2018-02-21 20:12:39","2018-02-21 20:12:39"
559,1,304,"2018-02-21 08:47:22","2018-02-21 09:22:03","2018-02-21 09:22:03"
560,1,305,"2018-02-21 17:43:45","2018-02-21 18:13:50","2018-02-21 18:13:50"
561,1,306,"2018-02-21 05:00:33","2018-02-21 05:20:56","2018-02-21 05:20:56"
562,1,307,"2018-02-21 01:50:13","2018-02-21 02:09:26","2018-02-21 02:09:26"
563,1,308,"2018-02-21 15:10:55","2018-02-21 15:45:02","2018-02-21 15:45:02"
564,1,309,"2018-02-21 08:54:37","2018-02-21 09:35:25","2018-02-21 09:35:25"
565,1,310,"2018-02-21 15:30:52","2018-02-21 15:56:27","2018-02-21 15:56:27"
566,1,311,"2018-02-21 04:31:42","2018-02-21 05:13:18","2018-02-21 05:13:18"
567,1,312,"2018-02-21 12:39:53","2018-02-21 12:59:29","2018-02-21 12:59:29"
568,1,295,"2018-02-21 23:21:29","2018-02-22 00:04:14","2018-02-22 00:04:14"
569,1,54,"2018-02-22 21:09:34","2018-02-22 21:32:42","2018-02-22 21:32:42"
570,1,137,"2018-02-22 07:58:26","2018-02-22 08:20:20","2018-02-22 08:20:20"
571,1,162,"2018-02-22 08:00:55","2018-02-22 08:27:57","2018-02-22 08:27:57"
572,1,182,"2018-02-22 08:45:39","2018-02-22 09:10:02","2018-02-22 09:10:02"
573,1,184,"2018-02-22 08:04:58","2018-02-22 08:07:51","2018-02-22 08:07:51"
574,1,198,"2018-02-22 11:54:44","2018-02-22 12:45:10","2018-02-22 12:45:10"
575,1,226,"2018-02-22 09:20:24","2018-02-22 10:05:43","2018-02-22 10:05:43"
576,1,235,"2018-02-22 22:10:24","2018-02-22 22:35:48","2018-02-22 22:35:48"
577,1,246,"2018-02-22 22:13:45","2018-02-22 22:46:27","2018-02-22 22:46:27"
578,1,248,"2018-02-22 07:51:45","2018-02-22 08:23:52","2018-02-22 08:23:52"
579,1,268,"2018-02-22 06:58:01","2018-02-22 07:17:15","2018-02-22 07:17:15"
580,1,276,"2018-02-22 00:06:44","2018-02-22 00:56:03","2018-02-22 00:56:03"
581,1,287,"2018-02-22 09:36:20","2018-02-22 09:58:05","2018-02-22 09:58:05"
582,1,292,"2018-02-22 20:21:20","2018-02-22 21:13:39","2018-02-22 21:13:39"
583,1,293,"2018-02-22 02:20:59","2018-02-22 02:49:07","2018-02-22 02:49:07"
584,1,295,"2018-02-22 08:08:33","2018-02-22 08:31:44","2018-02-22 08:31:44"
585,1,300,"2018-02-22 11:52:45","2018-02-22 12:31:23","2018-02-22 12:31:23"
586,1,304,"2018-02-22 19:59:42","2018-02-22 20:40:27","2018-02-22 20:40:27"
587,1,305,"2018-02-22 02:55:33","2018-02-22 03:17:11","2018-02-22 03:17:11"
588,1,311,"2018-02-22 22:02:50","2018-02-22 22:36:28","2018-02-22 22:36:28"
589,1,313,"2018-02-22 19:02:12","2018-02-22 19:45:11","2018-02-22 19:45:11"
590,1,314,"2018-02-22 15:41:43","2018-02-22 16:13:04","2018-02-22 16:13:04"
591,1,315,"2018-02-22 00:41:27","2018-02-22 00:53:38","2018-02-22 00:53:38"
592,1,316,"2018-02-22 10:46:13","2018-02-22 11:22:18","2018-02-22 11:22:18"
593,1,317,"2018-02-22 20:02:57","2018-02-22 20:42:17","2018-02-22 20:42:17"
594,1,318,"2018-02-22 19:03:48","2018-02-22 19:22:27","2018-02-22 19:22:27"
595,1,319,"2018-02-22 18:15:35","2018-02-22 18:27:29","2018-02-22 18:27:29"
596,1,320,"2018-02-22 10:31:44","2018-02-22 10:56:20","2018-02-22 10:56:20"
597,1,268,"2018-02-22 22:38:12","2018-02-22 23:21:32","2018-02-22 23:21:32"
598,1,268,"2018-02-22 09:15:26","2018-02-22 09:47:09","2018-02-22 09:47:09"
599,1,292,"2018-02-22 11:10:46","2018-02-22 11:47:48","2018-02-22 11:47:48"
600,1,293,"2018-02-22 06:30:41","2018-02-22 06:59:20","2018-02-22 06:59:20"
601,1,314,"2018-02-22 08:55:12","2018-02-22 09:42:33","2018-02-22 09:42:33"
602,1,54,"2018-02-23 00:16:38","2018-02-23 00:41:14","2018-02-23 00:41:14"
603,1,64,"2018-02-23 23:27:52","2018-02-23 23:50:41","2018-02-23 23:50:41"
604,1,226,"2018-02-23 09:05:44","2018-02-23 09:31:28","2018-02-23 09:31:28"
605,1,235,"2018-02-23 23:50:40","2018-02-24 00:19:42","2018-02-24 00:19:42"
606,1,246,"2018-02-23 08:27:46","2018-02-23 08:54:01","2018-02-23 08:54:01"
607,1,268,"2018-02-23 09:36:19","2018-02-23 10:02:56","2018-02-23 10:02:56"
608,1,285,"2018-02-23 11:29:04","2018-02-23 12:05:18","2018-02-23 12:05:18"
609,1,293,"2018-02-23 06:53:57","2018-02-23 07:39:05","2018-02-23 07:39:05"
610,1,295,"2018-02-23 05:57:43","2018-02-23 06:19:27","2018-02-23 06:19:27"
611,1,296,"2018-02-23 04:31:05","2018-02-23 04:58:13","2018-02-23 04:58:13"
612,1,297,"2018-02-23 23:10:55","2018-02-23 23:28:28","2018-02-23 23:28:28"
613,1,304,"2018-02-23 19:38:19","2018-02-23 19:47:03","2018-02-23 19:47:03"
614,1,310,"2018-02-23 07:10:19","2018-02-23 07:42:17","2018-02-23 07:42:17"
615,1,311,"2018-02-23 15:10:19","2018-02-23 15:46:42","2018-02-23 15:46:42"
616,1,313,"2018-02-23 13:40:29","2018-02-23 14:34:04","2018-02-23 14:34:04"
617,1,315,"2018-02-23 13:40:31","2018-02-23 14:09:15","2018-02-23 14:09:15"
618,1,321,"2018-02-23 03:58:19","2018-02-23 04:23:38","2018-02-23 04:23:38"
619,1,322,"2018-02-23 12:21:11","2018-02-23 12:58:30","2018-02-23 12:58:30"
620,1,323,"2018-02-23 23:43:26","2018-02-24 00:18:14","2018-02-24 00:18:14"
621,1,324,"2018-02-23 14:37:57","2018-02-23 15:13:40","2018-02-23 15:13:40"
622,1,325,"2018-02-23 03:26:55","2018-02-23 03:48:11","2018-02-23 03:48:11"
623,1,326,"2018-02-23 10:15:38","2018-02-23 10:45:00","2018-02-23 10:45:00"
624,1,327,"2018-02-23 00:26:43","2018-02-23 00:46:01","2018-02-23 00:46:01"
625,1,328,"2018-02-23 14:04:20","2018-02-23 14:36:53","2018-02-23 14:36:53"
626,1,324,"2018-02-23 09:06:30","2018-02-23 09:15:33","2018-02-23 09:15:33"
627,1,64,"2018-02-24 05:46:59","2018-02-24 06:25:30","2018-02-24 06:25:30"
628,1,162,"2018-02-24 22:59:28","2018-02-24 23:10:57","2018-02-24 23:10:57"
629,1,183,"2018-02-24 05:48:12","2018-02-24 06:36:33","2018-02-24 06:36:33"
630,1,185,"2018-02-24 02:56:55","2018-02-24 03:23:22","2018-02-24 03:23:22"
631,1,200,"2018-02-24 18:07:34","2018-02-24 18:16:49","2018-02-24 18:16:49"
632,1,206,"2018-02-24 11:42:23","2018-02-24 12:17:26","2018-02-24 12:17:26"
633,1,235,"2018-02-24 11:19:15","2018-02-24 11:42:27","2018-02-24 11:42:27"
634,1,293,"2018-02-24 17:31:13","2018-02-24 17:55:03","2018-02-24 17:55:03"
635,1,297,"2018-02-24 23:03:16","2018-02-24 23:25:27","2018-02-24 23:25:27"
636,1,304,"2018-02-24 15:12:28","2018-02-24 15:52:53","2018-02-24 15:52:53"
637,1,311,"2018-02-24 09:25:29","2018-02-24 09:38:32","2018-02-24 09:38:32"
638,1,323,"2018-02-24 12:34:48","2018-02-24 13:04:14","2018-02-24 13:04:14"
639,1,328,"2018-02-24 18:31:03","2018-02-24 18:46:57","2018-02-24 18:46:57"
640,1,329,"2018-02-24 04:01:08","2018-02-24 04:39:42","2018-02-24 04:39:42"
641,1,162,"2018-02-25 14:54:35","2018-02-25 15:32:42","2018-02-25 15:32:42"
642,1,200,"2018-02-25 16:22:03","2018-02-25 16:44:17","2018-02-25 16:44:17"
643,1,212,"2018-02-25 05:26:36","2018-02-25 06:02:40","2018-02-25 06:02:40"
644,1,274,"2018-02-25 06:17:44","2018-02-25 06:31:24","2018-02-25 06:31:24"
645,1,293,"2018-02-25 06:11:33","2018-02-25 06:37:20","2018-02-25 06:37:20"
646,1,297,"2018-02-25 04:29:39","2018-02-25 05:14:16","2018-02-25 05:14:16"
647,1,298,"2018-02-25 04:03:24","2018-02-25 04:32:00","2018-02-25 04:32:00"
648,1,299,"2018-02-25 20:39:33","2018-02-25 21:10:56","2018-02-25 21:10:56"
649,1,323,"2018-02-25 22:02:28","2018-02-25 23:01:11","2018-02-25 23:01:11"
650,1,325,"2018-02-25 06:54:48","2018-02-25 07:15:11","2018-02-25 07:15:11"
651,1,328,"2018-02-25 02:18:16","2018-02-25 02:55:06","2018-02-25 02:55:06"
652,1,329,"2018-02-25 22:29:23","2018-02-25 22:59:10","2018-02-25 22:59:10"
653,1,323,"2018-02-25 16:31:00","2018-02-25 17:14:22","2018-02-25 17:14:22"
654,1,25,"2018-02-26 00:08:13","2018-02-26 00:41:51","2018-02-26 00:41:51"
655,1,51,"2018-02-26 11:57:43","2018-02-26 12:27:26","2018-02-26 12:27:26"
656,1,165,"2018-02-26 09:16:55","2018-02-26 10:04:53","2018-02-26 10:04:53"
657,1,228,"2018-02-26 05:26:45","2018-02-26 06:10:00","2018-02-26 06:10:00"
658,1,274,"2018-02-26 12:30:20","2018-02-26 12:52:30","2018-02-26 12:52:30"
659,1,297,"2018-02-26 13:51:30","2018-02-26 14:09:40","2018-02-26 14:09:40"
660,1,299,"2018-02-26 18:49:01","2018-02-26 19:03:35","2018-02-26 19:03:35"
661,1,329,"2018-02-26 05:36:11","2018-02-26 06:04:59","2018-02-26 06:04:59"
662,1,330,"2018-02-26 13:48:28","2018-02-26 14:11:06","2018-02-26 14:11:06"
663,1,165,"2018-02-26 18:00:17","2018-02-26 18:48:39","2018-02-26 18:48:39"
664,1,114,"2018-02-27 15:43:35","2018-02-27 16:03:10","2018-02-27 16:03:10"
665,1,165,"2018-02-27 07:00:56","2018-02-27 07:23:59","2018-02-27 07:23:59"
666,1,183,"2018-02-27 11:27:36","2018-02-27 11:56:00","2018-02-27 11:56:00"
667,1,190,"2018-02-27 16:35:07","2018-02-27 16:55:32","2018-02-27 16:55:32"
668,1,241,"2018-02-27 13:31:33","2018-02-27 14:05:14","2018-02-27 14:05:14"
669,1,276,"2018-02-27 07:52:41","2018-02-27 08:10:47","2018-02-27 08:10:47"
670,1,299,"2018-02-27 22:47:31","2018-02-27 23:05:30","2018-02-27 23:05:30"
671,1,330,"2018-02-27 20:06:01","2018-02-27 20:16:58","2018-02-27 20:16:58"
672,1,331,"2018-02-27 01:14:01","2018-02-27 01:55:30","2018-02-27 01:55:30"
673,1,332,"2018-02-27 07:32:58","2018-02-27 07:57:41","2018-02-27 07:57:41"
674,1,333,"2018-02-27 01:36:09","2018-02-27 01:57:46","2018-02-27 01:57:46"
675,1,334,"2018-02-27 11:27:11","2018-02-27 12:13:45","2018-02-27 12:13:45"
676,1,335,"2018-02-27 04:54:09","2018-02-27 05:19:16","2018-02-27 05:19:16"
677,1,336,"2018-02-27 00:36:20","2018-02-27 00:48:38","2018-02-27 00:48:38"
678,1,337,"2018-02-27 00:44:11","2018-02-27 01:18:32","2018-02-27 01:18:32"
679,1,338,"2018-02-27 20:12:04","2018-02-27 20:43:23","2018-02-27 20:43:23"
680,1,339,"2018-02-27 14:25:42","2018-02-27 15:06:30","2018-02-27 15:06:30"
681,1,340,"2018-02-27 16:10:29","2018-02-27 16:38:04","2018-02-27 16:38:04"
682,1,341,"2018-02-27 21:58:21","2018-02-27 22:11:20","2018-02-27 22:11:20"
683,1,342,"2018-02-27 08:45:59","2018-02-27 09:32:37","2018-02-27 09:32:37"
684,1,343,"2018-02-27 14:11:23","2018-02-27 14:41:56","2018-02-27 14:41:56"
685,1,344,"2018-02-27 00:54:07","2018-02-27 01:25:05","2018-02-27 01:25:05"
686,1,345,"2018-02-27 23:26:59","2018-02-27 23:44:40","2018-02-27 23:44:40"
687,1,346,"2018-02-27 18:21:07","2018-02-27 18:49:58","2018-02-27 18:49:58"
688,1,347,"2018-02-27 22:42:17","2018-02-27 23:10:02","2018-02-27 23:10:02"
689,1,348,"2018-02-27 07:25:33","2018-02-27 07:57:50","2018-02-27 07:57:50"
690,1,349,"2018-02-27 03:37:55","2018-02-27 04:07:58","2018-02-27 04:07:58"
691,1,350,"2018-02-27 03:14:30","2018-02-27 03:35:50","2018-02-27 03:35:50"
692,1,351,"2018-02-27 02:36:30","2018-02-27 02:49:04","2018-02-27 02:49:04"
693,1,352,"2018-02-27 00:27:22","2018-02-27 01:08:48","2018-02-27 01:08:48"
694,1,353,"2018-02-27 11:10:11","2018-02-27 11:45:37","2018-02-27 11:45:37"
695,1,354,"2018-02-27 02:41:50","2018-02-27 03:19:33","2018-02-27 03:19:33"
696,1,355,"2018-02-27 23:16:08","2018-02-27 23:37:50","2018-02-27 23:37:50"
697,1,356,"2018-02-27 16:47:44","2018-02-27 16:54:38","2018-02-27 16:54:38"
698,1,357,"2018-02-27 12:41:37","2018-02-27 13:12:38","2018-02-27 13:12:38"
699,1,358,"2018-02-27 17:07:43","2018-02-27 17:43:01","2018-02-27 17:43:01"
700,1,359,"2018-02-27 12:07:17","2018-02-27 12:32:37","2018-02-27 12:32:37"
701,1,360,"2018-02-27 19:49:56","2018-02-27 20:39:53","2018-02-27 20:39:53"
702,1,361,"2018-02-27 17:25:26","2018-02-27 18:22:03","2018-02-27 18:22:03"
703,1,362,"2018-02-27 12:30:07","2018-02-27 13:03:03","2018-02-27 13:03:03"
704,1,363,"2018-02-27 17:33:51","2018-02-27 17:53:28","2018-02-27 17:53:28"
705,1,364,"2018-02-27 15:12:34","2018-02-27 15:35:34","2018-02-27 15:35:34"
706,1,165,"2018-02-27 15:43:23","2018-02-27 16:15:04","2018-02-27 16:15:04"
707,1,332,"2018-02-27 21:44:16","2018-02-27 22:26:03","2018-02-27 22:26:03"
708,1,333,"2018-02-27 04:13:15","2018-02-27 04:38:42","2018-02-27 04:38:42"
709,1,114,"2018-02-28 19:35:48","2018-02-28 19:48:09","2018-02-28 19:48:09"
710,1,155,"2018-02-28 21:58:57","2018-02-28 22:01:42","2018-02-28 22:01:42"
711,1,165,"2018-02-28 05:27:04","2018-02-28 05:49:35","2018-02-28 05:49:35"
712,1,225,"2018-02-28 08:51:08","2018-02-28 09:16:21","2018-02-28 09:16:21"
713,1,241,"2018-02-28 11:49:55","2018-02-28 12:21:55","2018-02-28 12:21:55"
714,1,276,"2018-02-28 12:16:17","2018-02-28 12:59:00","2018-02-28 12:59:00"
715,1,299,"2018-02-28 04:40:08","2018-02-28 05:19:34","2018-02-28 05:19:34"
716,1,304,"2018-02-28 06:50:12","2018-02-28 07:44:35","2018-02-28 07:44:35"
717,1,330,"2018-02-28 22:32:39","2018-02-28 22:51:26","2018-02-28 22:51:26"
718,1,332,"2018-02-28 01:17:12","2018-02-28 01:43:06","2018-02-28 01:43:06"
719,1,341,"2018-02-28 17:12:50","2018-02-28 17:32:01","2018-02-28 17:32:01"
720,1,345,"2018-02-28 04:31:56","2018-02-28 04:58:58","2018-02-28 04:58:58"
721,1,346,"2018-02-28 00:10:45","2018-02-28 00:45:30","2018-02-28 00:45:30"
722,1,355,"2018-02-28 08:18:51","2018-02-28 08:37:59","2018-02-28 08:37:59"
723,1,356,"2018-02-28 00:56:16","2018-02-28 01:33:05","2018-02-28 01:33:05"
724,1,360,"2018-02-28 05:50:44","2018-02-28 06:12:55","2018-02-28 06:12:55"
725,1,365,"2018-02-28 05:07:25","2018-02-28 05:39:38","2018-02-28 05:39:38"
726,1,366,"2018-02-28 23:12:59","2018-02-28 23:42:55","2018-02-28 23:42:55"
727,1,367,"2018-02-28 11:05:35","2018-02-28 11:47:31","2018-02-28 11:47:31"
728,1,368,"2018-02-28 03:23:22","2018-02-28 04:00:18","2018-02-28 04:00:18"
729,1,369,"2018-02-28 20:22:46","2018-02-28 20:39:44","2018-02-28 20:39:44"
730,1,370,"2018-02-28 08:21:02","2018-02-28 08:44:01","2018-02-28 08:44:01"
731,1,371,"2018-02-28 15:38:07","2018-02-28 15:53:52","2018-02-28 15:53:52"
732,1,372,"2018-02-28 17:26:01","2018-02-28 17:51:23","2018-02-28 17:51:23"
733,1,373,"2018-02-28 02:46:00","2018-02-28 03:23:02","2018-02-28 03:23:02"
734,1,374,"2018-02-28 12:56:53","2018-02-28 13:38:02","2018-02-28 13:38:02"
735,1,375,"2018-02-28 12:49:13","2018-02-28 13:07:40","2018-02-28 13:07:40"
736,1,376,"2018-02-28 03:45:06","2018-02-28 04:07:53","2018-02-28 04:07:53"
737,1,377,"2018-02-28 02:28:30","2018-02-28 03:04:00","2018-02-28 03:04:00"
738,1,378,"2018-02-28 13:33:24","2018-02-28 13:52:56","2018-02-28 13:52:56"
739,1,379,"2018-02-28 17:01:57","2018-02-28 17:31:10","2018-02-28 17:31:10"
740,1,380,"2018-02-28 14:52:19","2018-02-28 15:10:07","2018-02-28 15:10:07"
741,1,381,"2018-02-28 11:31:58","2018-02-28 11:57:39","2018-02-28 11:57:39"
742,1,382,"2018-02-28 07:34:08","2018-02-28 08:19:06","2018-02-28 08:19:06"
743,1,383,"2018-02-28 11:01:50","2018-02-28 11:20:59","2018-02-28 11:20:59"
744,1,384,"2018-02-28 15:34:34","2018-02-28 15:52:48","2018-02-28 15:52:48"
745,1,385,"2018-02-28 16:25:40","2018-02-28 16:56:14","2018-02-28 16:56:14"
746,1,386,"2018-02-28 17:34:10","2018-02-28 17:54:01","2018-02-28 17:54:01"
747,1,387,"2018-02-28 00:43:24","2018-02-28 01:18:26","2018-02-28 01:18:26"
748,1,388,"2018-02-28 18:22:08","2018-02-28 18:52:18","2018-02-28 18:52:18"
749,1,389,"2018-02-28 10:22:55","2018-02-28 10:39:04","2018-02-28 10:39:04"
750,1,390,"2018-02-28 23:19:40","2018-02-28 23:37:37","2018-02-28 23:37:37"
751,1,391,"2018-02-28 01:30:43","2018-02-28 02:13:30","2018-02-28 02:13:30"
752,1,392,"2018-02-28 02:16:30","2018-02-28 02:42:50","2018-02-28 02:42:50"
753,1,393,"2018-02-28 12:55:55","2018-02-28 13:37:30","2018-02-28 13:37:30"
754,1,394,"2018-02-28 23:17:53","2018-02-28 23:26:59","2018-02-28 23:26:59"
755,1,395,"2018-02-28 07:42:35","2018-02-28 07:56:20","2018-02-28 07:56:20"
756,1,396,"2018-02-28 16:32:42","2018-02-28 17:02:29","2018-02-28 17:02:29"
757,1,397,"2018-02-28 14:36:36","2018-02-28 15:02:57","2018-02-28 15:02:57"
758,1,398,"2018-02-28 02:38:27","2018-02-28 03:08:59","2018-02-28 03:08:59"
759,1,399,"2018-02-28 00:19:21","2018-02-28 00:45:39","2018-02-28 00:45:39"
760,1,276,"2018-02-28 03:44:28","2018-02-28 04:15:07","2018-02-28 04:15:07"
761,1,330,"2018-02-28 21:39:27","2018-02-28 21:57:26","2018-02-28 21:57:26"
762,1,355,"2018-02-28 13:27:27","2018-02-28 13:50:40","2018-02-28 13:50:40"
763,1,356,"2018-02-28 23:28:44","2018-02-28 23:46:02","2018-02-28 23:46:02"
764,1,376,"2018-02-28 13:54:53","2018-02-28 14:25:28","2018-02-28 14:25:28"
765,1,378,"2018-02-28 18:58:07","2018-02-28 19:19:19","2018-02-28 19:19:19"
766,1,390,"2018-02-28 01:31:06","2018-02-28 02:23:27","2018-02-28 02:23:27"
767,1,114,"2018-03-01 10:17:34","2018-03-01 10:53:16","2018-03-01 10:53:16"
768,1,148,"2018-03-01 01:25:12","2018-03-01 02:03:01","2018-03-01 02:03:01"
769,1,155,"2018-03-01 13:54:08","2018-03-01 14:28:25","2018-03-01 14:28:25"
770,1,225,"2018-03-01 12:07:17","2018-03-01 12:29:50","2018-03-01 12:29:50"
771,1,241,"2018-03-01 07:42:15","2018-03-01 08:18:48","2018-03-01 08:18:48"
772,1,330,"2018-03-01 22:32:53","2018-03-01 23:01:20","2018-03-01 23:01:20"
773,1,341,"2018-03-01 18:16:00","2018-03-01 18:34:52","2018-03-01 18:34:52"
774,1,346,"2018-03-01 21:07:42","2018-03-01 21:40:36","2018-03-01 21:40:36"
775,1,355,"2018-03-01 18:14:17","2018-03-01 18:37:21","2018-03-01 18:37:21"
776,1,356,"2018-03-01 02:03:31","2018-03-01 02:38:13","2018-03-01 02:38:13"
777,1,361,"2018-03-01 12:01:44","2018-03-01 12:33:26","2018-03-01 12:33:26"
778,1,366,"2018-03-01 06:22:12","2018-03-01 06:48:57","2018-03-01 06:48:57"
779,1,371,"2018-03-01 19:34:14","2018-03-01 20:15:29","2018-03-01 20:15:29"
780,1,372,"2018-03-01 15:43:30","2018-03-01 16:25:38","2018-03-01 16:25:38"
781,1,373,"2018-03-01 03:30:52","2018-03-01 03:46:54","2018-03-01 03:46:54"
782,1,376,"2018-03-01 07:43:06","2018-03-01 08:01:37","2018-03-01 08:01:37"
783,1,388,"2018-03-01 17:51:06","2018-03-01 18:21:23","2018-03-01 18:21:23"
784,1,394,"2018-03-01 04:56:10","2018-03-01 05:22:17","2018-03-01 05:22:17"
785,1,395,"2018-03-01 10:08:14","2018-03-01 10:37:54","2018-03-01 10:37:54"
786,1,400,"2018-03-01 02:10:03","2018-03-01 02:53:17","2018-03-01 02:53:17"
787,1,401,"2018-03-01 20:44:40","2018-03-01 21:12:31","2018-03-01 21:12:31"
788,1,402,"2018-03-01 11:38:59","2018-03-01 11:52:25","2018-03-01 11:52:25"
789,1,403,"2018-03-01 23:25:54","2018-03-01 23:40:47","2018-03-01 23:40:47"
790,1,404,"2018-03-01 21:29:43","2018-03-01 22:13:28","2018-03-01 22:13:28"
791,1,405,"2018-03-01 03:39:40","2018-03-01 04:14:47","2018-03-01 04:14:47"
792,1,406,"2018-03-01 03:26:06","2018-03-01 03:48:54","2018-03-01 03:48:54"
793,1,407,"2018-03-01 15:31:13","2018-03-01 16:09:09","2018-03-01 16:09:09"
794,1,408,"2018-03-01 09:35:25","2018-03-01 09:55:41","2018-03-01 09:55:41"
795,1,409,"2018-03-01 20:38:31","2018-03-01 20:57:20","2018-03-01 20:57:20"
796,1,410,"2018-03-01 11:19:31","2018-03-01 12:03:28","2018-03-01 12:03:28"
797,1,411,"2018-03-01 09:09:34","2018-03-01 09:36:54","2018-03-01 09:36:54"
798,1,412,"2018-03-01 19:47:12","2018-03-01 20:18:24","2018-03-01 20:18:24"
799,1,413,"2018-03-01 22:04:42","2018-03-01 22:26:06","2018-03-01 22:26:06"
800,1,414,"2018-03-01 00:16:37","2018-03-01 00:59:52","2018-03-01 00:59:52"
801,1,415,"2018-03-01 21:45:55","2018-03-01 22:05:26","2018-03-01 22:05:26"
802,1,416,"2018-03-01 06:53:36","2018-03-01 07:12:17","2018-03-01 07:12:17"
803,1,417,"2018-03-01 20:36:36","2018-03-01 21:09:52","2018-03-01 21:09:52"
804,1,418,"2018-03-01 05:18:45","2018-03-01 05:22:14","2018-03-01 05:22:14"
805,1,419,"2018-03-01 11:45:49","2018-03-01 12:05:58","2018-03-01 12:05:58"
806,1,420,"2018-03-01 04:30:16","2018-03-01 04:51:52","2018-03-01 04:51:52"
807,1,421,"2018-03-01 10:20:15","2018-03-01 10:56:26","2018-03-01 10:56:26"
808,1,422,"2018-03-01 16:43:24","2018-03-01 17:06:02","2018-03-01 17:06:02"
809,1,423,"2018-03-01 20:02:58","2018-03-01 20:39:24","2018-03-01 20:39:24"
810,1,424,"2018-03-01 07:22:14","2018-03-01 07:48:39","2018-03-01 07:48:39"
811,1,425,"2018-03-01 12:44:31","2018-03-01 13:01:34","2018-03-01 13:01:34"
812,1,426,"2018-03-01 22:42:09","2018-03-01 23:08:24","2018-03-01 23:08:24"
813,1,427,"2018-03-01 23:20:13","2018-03-01 23:41:38","2018-03-01 23:41:38"
814,1,428,"2018-03-01 07:12:58","2018-03-01 07:34:42","2018-03-01 07:34:42"
815,1,429,"2018-03-01 17:07:11","2018-03-01 17:41:01","2018-03-01 17:41:01"
816,1,430,"2018-03-01 12:53:47","2018-03-01 13:23:11","2018-03-01 13:23:11"
817,1,431,"2018-03-01 10:13:16","2018-03-01 10:46:20","2018-03-01 10:46:20"
818,1,432,"2018-03-01 15:43:12","2018-03-01 15:55:00","2018-03-01 15:55:00"
819,1,433,"2018-03-01 16:35:56","2018-03-01 17:03:43","2018-03-01 17:03:43"
820,1,434,"2018-03-01 19:10:47","2018-03-01 19:40:15","2018-03-01 19:40:15"
821,1,355,"2018-03-01 16:16:48","2018-03-01 16:36:37","2018-03-01 16:36:37"
822,1,417,"2018-03-01 15:10:47","2018-03-01 15:44:34","2018-03-01 15:44:34"
823,1,427,"2018-03-01 03:14:31","2018-03-01 03:33:28","2018-03-01 03:33:28"
824,1,432,"2018-03-01 18:17:49","2018-03-01 18:41:28","2018-03-01 18:41:28"
825,1,155,"2018-03-02 15:57:19","2018-03-02 16:23:01","2018-03-02 16:23:01"
826,1,191,"2018-03-02 12:12:16","2018-03-02 12:46:50","2018-03-02 12:46:50"
827,1,225,"2018-03-02 05:12:37","2018-03-02 05:28:54","2018-03-02 05:28:54"
828,1,231,"2018-03-02 18:32:58","2018-03-02 19:07:42","2018-03-02 19:07:42"
829,1,241,"2018-03-02 15:13:12","2018-03-02 15:43:13","2018-03-02 15:43:13"
830,1,297,"2018-03-02 18:27:45","2018-03-02 19:02:38","2018-03-02 19:02:38"
831,1,299,"2018-03-02 15:49:07","2018-03-02 16:10:12","2018-03-02 16:10:12"
832,1,322,"2018-03-02 02:44:54","2018-03-02 03:11:13","2018-03-02 03:11:13"
833,1,330,"2018-03-02 12:45:02","2018-03-02 13:22:35","2018-03-02 13:22:35"
834,1,341,"2018-03-02 14:33:44","2018-03-02 15:07:37","2018-03-02 15:07:37"
835,1,346,"2018-03-02 11:16:23","2018-03-02 11:26:14","2018-03-02 11:26:14"
836,1,350,"2018-03-02 09:54:26","2018-03-02 10:21:51","2018-03-02 10:21:51"
837,1,356,"2018-03-02 11:14:38","2018-03-02 11:28:09","2018-03-02 11:28:09"
838,1,361,"2018-03-02 02:08:44","2018-03-02 02:26:14","2018-03-02 02:26:14"
839,1,371,"2018-03-02 12:15:42","2018-03-02 12:50:45","2018-03-02 12:50:45"
840,1,372,"2018-03-02 09:08:25","2018-03-02 09:27:11","2018-03-02 09:27:11"
841,1,383,"2018-03-02 04:27:50","2018-03-02 05:00:34","2018-03-02 05:00:34"
842,1,388,"2018-03-02 03:40:10","2018-03-02 04:10:21","2018-03-02 04:10:21"
843,1,400,"2018-03-02 20:34:56","2018-03-02 21:14:12","2018-03-02 21:14:12"
844,1,401,"2018-03-02 18:25:41","2018-03-02 18:53:30","2018-03-02 18:53:30"
845,1,403,"2018-03-02 08:58:45","2018-03-02 09:20:07","2018-03-02 09:20:07"
846,1,404,"2018-03-02 21:05:21","2018-03-02 21:49:45","2018-03-02 21:49:45"
847,1,406,"2018-03-02 21:15:44","2018-03-02 21:46:21","2018-03-02 21:46:21"
848,1,409,"2018-03-02 22:06:54","2018-03-02 22:22:14","2018-03-02 22:22:14"
849,1,410,"2018-03-02 09:44:41","2018-03-02 10:23:22","2018-03-02 10:23:22"
850,1,412,"2018-03-02 03:29:57","2018-03-02 03:47:11","2018-03-02 03:47:11"
851,1,413,"2018-03-02 12:11:16","2018-03-02 12:40:38","2018-03-02 12:40:38"
852,1,415,"2018-03-02 20:39:39","2018-03-02 21:20:18","2018-03-02 21:20:18"
853,1,417,"2018-03-02 19:29:31","2018-03-02 20:01:01","2018-03-02 20:01:01"
854,1,418,"2018-03-02 12:43:14","2018-03-02 13:35:10","2018-03-02 13:35:10"
855,1,419,"2018-03-02 07:06:20","2018-03-02 07:32:05","2018-03-02 07:32:05"
856,1,425,"2018-03-02 13:50:29","2018-03-02 14:33:30","2018-03-02 14:33:30"
857,1,426,"2018-03-02 12:50:16","2018-03-02 13:04:47","2018-03-02 13:04:47"
858,1,432,"2018-03-02 09:25:17","2018-03-02 10:00:49","2018-03-02 10:00:49"
859,1,434,"2018-03-02 00:40:00","2018-03-02 01:09:45","2018-03-02 01:09:45"
860,1,435,"2018-03-02 17:31:26","2018-03-02 17:47:57","2018-03-02 17:47:57"
861,1,436,"2018-03-02 17:09:31","2018-03-02 17:23:46","2018-03-02 17:23:46"
862,1,437,"2018-03-02 03:42:17","2018-03-02 04:16:11","2018-03-02 04:16:11"
863,1,438,"2018-03-02 21:29:11","2018-03-02 22:05:07","2018-03-02 22:05:07"
864,1,439,"2018-03-02 22:14:21","2018-03-02 22:32:48","2018-03-02 22:32:48"
865,1,440,"2018-03-02 09:54:37","2018-03-02 10:21:21","2018-03-02 10:21:21"
866,1,441,"2018-03-02 09:40:51","2018-03-02 10:14:59","2018-03-02 10:14:59"
867,1,442,"2018-03-02 08:47:55","2018-03-02 09:20:08","2018-03-02 09:20:08"
868,1,443,"2018-03-02 02:20:44","2018-03-02 02:37:15","2018-03-02 02:37:15"
869,1,444,"2018-03-02 03:42:45","2018-03-02 04:00:45","2018-03-02 04:00:45"
870,1,445,"2018-03-02 20:37:03","2018-03-02 21:11:37","2018-03-02 21:11:37"
871,1,446,"2018-03-02 14:04:22","2018-03-02 14:23:36","2018-03-02 14:23:36"
872,1,447,"2018-03-02 02:39:06","2018-03-02 02:51:25","2018-03-02 02:51:25"
873,1,448,"2018-03-02 15:09:33","2018-03-02 15:18:17","2018-03-02 15:18:17"
874,1,449,"2018-03-02 15:41:36","2018-03-02 16:18:44","2018-03-02 16:18:44"
875,1,450,"2018-03-02 01:11:22","2018-03-02 01:26:05","2018-03-02 01:26:05"
876,1,451,"2018-03-02 04:20:43","2018-03-02 05:00:13","2018-03-02 05:00:13"
877,1,452,"2018-03-02 08:31:58","2018-03-02 09:05:30","2018-03-02 09:05:30"
878,1,453,"2018-03-02 19:55:32","2018-03-02 20:23:49","2018-03-02 20:23:49"
879,1,454,"2018-03-02 13:46:42","2018-03-02 14:13:52","2018-03-02 14:13:52"
880,1,455,"2018-03-02 09:28:21","2018-03-02 09:59:18","2018-03-02 09:59:18"
881,1,456,"2018-03-02 05:28:56","2018-03-02 05:56:50","2018-03-02 05:56:50"
882,1,457,"2018-03-02 17:52:39","2018-03-02 18:41:34","2018-03-02 18:41:34"
883,1,458,"2018-03-02 17:55:05","2018-03-02 18:36:21","2018-03-02 18:36:21"
884,1,459,"2018-03-02 06:19:24","2018-03-02 06:48:55","2018-03-02 06:48:55"
885,1,460,"2018-03-02 16:46:05","2018-03-02 17:25:22","2018-03-02 17:25:22"
886,1,461,"2018-03-02 15:57:50","2018-03-02 16:35:03","2018-03-02 16:35:03"
887,1,462,"2018-03-02 03:24:39","2018-03-02 03:32:08","2018-03-02 03:32:08"
888,1,463,"2018-03-02 05:18:28","2018-03-02 06:03:28","2018-03-02 06:03:28"
889,1,464,"2018-03-02 08:37:26","2018-03-02 08:50:37","2018-03-02 08:50:37"
890,1,465,"2018-03-02 01:41:20","2018-03-02 01:53:18","2018-03-02 01:53:18"
891,1,466,"2018-03-02 00:54:20","2018-03-02 01:36:26","2018-03-02 01:36:26"
892,1,467,"2018-03-02 05:58:23","2018-03-02 06:48:53","2018-03-02 06:48:53"
893,1,468,"2018-03-02 06:17:39","2018-03-02 06:46:15","2018-03-02 06:46:15"
894,1,469,"2018-03-02 09:37:26","2018-03-02 10:13:25","2018-03-02 10:13:25"
895,1,470,"2018-03-02 21:49:18","2018-03-02 22:20:49","2018-03-02 22:20:49"
896,1,471,"2018-03-02 14:53:43","2018-03-02 15:08:25","2018-03-02 15:08:25"
897,1,231,"2018-03-02 18:36:48","2018-03-02 18:48:38","2018-03-02 18:48:38"
898,1,297,"2018-03-02 22:27:56","2018-03-02 22:54:35","2018-03-02 22:54:35"
899,1,415,"2018-03-02 12:31:27","2018-03-02 13:02:03","2018-03-02 13:02:03"
900,1,426,"2018-03-02 16:19:45","2018-03-02 16:24:18","2018-03-02 16:24:18"
901,1,440,"2018-03-02 02:29:59","2018-03-02 03:03:22","2018-03-02 03:03:22"
902,1,442,"2018-03-02 05:01:26","2018-03-02 05:40:31","2018-03-02 05:40:31"
903,1,465,"2018-03-02 02:41:48","2018-03-02 03:07:11","2018-03-02 03:07:11"
904,1,466,"2018-03-02 14:23:47","2018-03-02 14:37:44","2018-03-02 14:37:44"
905,1,469,"2018-03-02 05:43:42","2018-03-02 06:07:02","2018-03-02 06:07:02"
906,1,155,"2018-03-03 21:43:56","2018-03-03 22:02:37","2018-03-03 22:02:37"
907,1,191,"2018-03-03 01:13:59","2018-03-03 01:57:36","2018-03-03 01:57:36"
908,1,212,"2018-03-03 15:33:15","2018-03-03 16:10:14","2018-03-03 16:10:14"
909,1,231,"2018-03-03 09:43:30","2018-03-03 10:28:16","2018-03-03 10:28:16"
910,1,237,"2018-03-03 15:42:25","2018-03-03 16:04:04","2018-03-03 16:04:04"
911,1,241,"2018-03-03 17:46:34","2018-03-03 18:23:21","2018-03-03 18:23:21"
912,1,297,"2018-03-03 02:51:03","2018-03-03 03:18:14","2018-03-03 03:18:14"
913,1,330,"2018-03-03 15:49:24","2018-03-03 16:25:17","2018-03-03 16:25:17"
914,1,337,"2018-03-03 08:18:55","2018-03-03 08:57:36","2018-03-03 08:57:36"
915,1,346,"2018-03-03 23:53:39","2018-03-04 00:25:20","2018-03-04 00:25:20"
916,1,356,"2018-03-03 12:57:40","2018-03-03 13:21:56","2018-03-03 13:21:56"
917,1,372,"2018-03-03 05:38:03","2018-03-03 05:49:18","2018-03-03 05:49:18"
918,1,381,"2018-03-03 20:54:23","2018-03-03 21:35:53","2018-03-03 21:35:53"
919,1,400,"2018-03-03 09:31:50","2018-03-03 10:00:51","2018-03-03 10:00:51"
920,1,401,"2018-03-03 01:08:35","2018-03-03 01:22:15","2018-03-03 01:22:15"
921,1,404,"2018-03-03 12:05:13","2018-03-03 12:53:03","2018-03-03 12:53:03"
922,1,406,"2018-03-03 17:20:55","2018-03-03 17:53:44","2018-03-03 17:53:44"
923,1,409,"2018-03-03 05:12:24","2018-03-03 05:45:45","2018-03-03 05:45:45"
924,1,412,"2018-03-03 05:19:39","2018-03-03 05:33:12","2018-03-03 05:33:12"
925,1,413,"2018-03-03 07:19:30","2018-03-03 07:37:30","2018-03-03 07:37:30"
926,1,417,"2018-03-03 08:19:22","2018-03-03 09:06:13","2018-03-03 09:06:13"
927,1,432,"2018-03-03 02:51:19","2018-03-03 03:18:12","2018-03-03 03:18:12"
928,1,435,"2018-03-03 03:25:59","2018-03-03 03:54:25","2018-03-03 03:54:25"
929,1,438,"2018-03-03 13:41:18","2018-03-03 13:55:23","2018-03-03 13:55:23"
930,1,439,"2018-03-03 18:42:07","2018-03-03 19:02:26","2018-03-03 19:02:26"
931,1,445,"2018-03-03 05:36:16","2018-03-03 06:24:47","2018-03-03 06:24:47"
932,1,449,"2018-03-03 03:13:49","2018-03-03 03:40:33","2018-03-03 03:40:33"
933,1,453,"2018-03-03 04:27:15","2018-03-03 04:56:57","2018-03-03 04:56:57"
934,1,455,"2018-03-03 07:59:54","2018-03-03 08:26:24","2018-03-03 08:26:24"
935,1,458,"2018-03-03 13:16:30","2018-03-03 13:46:19","2018-03-03 13:46:19"
936,1,461,"2018-03-03 13:37:43","2018-03-03 14:30:08","2018-03-03 14:30:08"
937,1,464,"2018-03-03 20:50:14","2018-03-03 21:20:26","2018-03-03 21:20:26"
938,1,466,"2018-03-03 01:52:06","2018-03-03 02:21:12","2018-03-03 02:21:12"
939,1,470,"2018-03-03 19:58:54","2018-03-03 20:13:16","2018-03-03 20:13:16"
940,1,471,"2018-03-03 04:46:48","2018-03-03 04:50:05","2018-03-03 04:50:05"
941,1,472,"2018-03-03 20:19:20","2018-03-03 20:48:24","2018-03-03 20:48:24"
942,1,473,"2018-03-03 11:10:16","2018-03-03 11:45:40","2018-03-03 11:45:40"
943,1,241,"2018-03-03 17:01:47","2018-03-03 17:35:14","2018-03-03 17:35:14"
944,1,346,"2018-03-03 11:19:04","2018-03-03 11:29:11","2018-03-03 11:29:11"
945,1,413,"2018-03-03 08:58:13","2018-03-03 09:17:53","2018-03-03 09:17:53"
946,1,435,"2018-03-03 12:10:01","2018-03-03 12:33:40","2018-03-03 12:33:40"
947,1,445,"2018-03-03 06:10:24","2018-03-03 07:09:07","2018-03-03 07:09:07"
948,1,471,"2018-03-03 13:54:37","2018-03-03 14:39:16","2018-03-03 14:39:16"
949,1,51,"2018-03-04 01:44:10","2018-03-04 02:02:31","2018-03-04 02:02:31"
950,1,155,"2018-03-04 19:52:01","2018-03-04 20:18:55","2018-03-04 20:18:55"
951,1,162,"2018-03-04 15:39:10","2018-03-04 16:20:07","2018-03-04 16:20:07"
952,1,191,"2018-03-04 20:05:32","2018-03-04 20:31:40","2018-03-04 20:31:40"
953,1,200,"2018-03-04 10:17:12","2018-03-04 11:03:51","2018-03-04 11:03:51"
954,1,241,"2018-03-04 02:03:13","2018-03-04 02:34:40","2018-03-04 02:34:40"
955,1,373,"2018-03-04 00:01:20","2018-03-04 00:21:29","2018-03-04 00:21:29"
956,1,377,"2018-03-04 10:50:10","2018-03-04 11:32:41","2018-03-04 11:32:41"
957,1,381,"2018-03-04 06:13:36","2018-03-04 06:43:45","2018-03-04 06:43:45"
958,1,401,"2018-03-04 10:09:25","2018-03-04 10:32:49","2018-03-04 10:32:49"
959,1,435,"2018-03-04 21:14:12","2018-03-04 21:34:51","2018-03-04 21:34:51"
960,1,439,"2018-03-04 22:50:29","2018-03-04 23:17:32","2018-03-04 23:17:32"
961,1,445,"2018-03-04 10:32:00","2018-03-04 11:28:45","2018-03-04 11:28:45"
962,1,448,"2018-03-04 07:00:18","2018-03-04 07:22:20","2018-03-04 07:22:20"
963,1,449,"2018-03-04 05:37:23","2018-03-04 06:04:43","2018-03-04 06:04:43"
964,1,452,"2018-03-04 01:26:17","2018-03-04 01:51:48","2018-03-04 01:51:48"
965,1,454,"2018-03-04 18:39:51","2018-03-04 19:02:52","2018-03-04 19:02:52"
966,1,458,"2018-03-04 16:45:39","2018-03-04 17:12:19","2018-03-04 17:12:19"
967,1,464,"2018-03-04 01:39:10","2018-03-04 02:17:08","2018-03-04 02:17:08"
968,1,470,"2018-03-04 03:04:19","2018-03-04 03:36:21","2018-03-04 03:36:21"
969,1,472,"2018-03-04 04:30:16","2018-03-04 05:27:53","2018-03-04 05:27:53"
970,1,473,"2018-03-04 00:40:55","2018-03-04 01:11:27","2018-03-04 01:11:27"
971,1,162,"2018-03-04 12:24:41","2018-03-04 12:55:01","2018-03-04 12:55:01"
972,1,445,"2018-03-04 15:32:50","2018-03-04 15:55:11","2018-03-04 15:55:11"
973,1,452,"2018-03-04 01:00:53","2018-03-04 01:13:22","2018-03-04 01:13:22"
974,1,31,"2018-03-05 12:55:57","2018-03-05 13:33:58","2018-03-05 13:33:58"
975,1,51,"2018-03-05 05:41:23","2018-03-05 06:07:38","2018-03-05 06:07:38"
976,1,155,"2018-03-05 03:03:48","2018-03-05 03:17:24","2018-03-05 03:17:24"
977,1,161,"2018-03-05 17:50:45","2018-03-05 18:15:59","2018-03-05 18:15:59"
978,1,191,"2018-03-05 01:54:03","2018-03-05 02:27:28","2018-03-05 02:27:28"
979,1,233,"2018-03-05 14:42:06","2018-03-05 15:00:00","2018-03-05 15:00:00"
980,1,266,"2018-03-05 08:06:40","2018-03-05 08:23:01","2018-03-05 08:23:01"
981,1,317,"2018-03-05 08:38:39","2018-03-05 09:01:57","2018-03-05 09:01:57"
982,1,374,"2018-03-05 04:22:07","2018-03-05 04:51:00","2018-03-05 04:51:00"
983,1,388,"2018-03-05 07:59:56","2018-03-05 08:25:48","2018-03-05 08:25:48"
984,1,435,"2018-03-05 06:01:08","2018-03-05 06:26:36","2018-03-05 06:26:36"
985,1,439,"2018-03-05 20:11:46","2018-03-05 20:56:32","2018-03-05 20:56:32"
986,1,445,"2018-03-05 16:22:58","2018-03-05 16:59:04","2018-03-05 16:59:04"
987,1,448,"2018-03-05 18:22:36","2018-03-05 18:52:08","2018-03-05 18:52:08"
988,1,453,"2018-03-05 23:44:25","2018-03-06 00:02:22","2018-03-06 00:02:22"
989,1,470,"2018-03-05 03:27:57","2018-03-05 04:13:43","2018-03-05 04:13:43"
990,1,471,"2018-03-05 12:21:11","2018-03-05 12:38:31","2018-03-05 12:38:31"
991,1,191,"2018-03-05 00:52:06","2018-03-05 01:10:11","2018-03-05 01:10:11"
992,1,223,"2018-03-06 04:59:20","2018-03-06 05:30:31","2018-03-06 05:30:31"
993,1,233,"2018-03-06 18:54:25","2018-03-06 19:30:50","2018-03-06 19:30:50"
994,1,263,"2018-03-06 08:12:51","2018-03-06 08:53:41","2018-03-06 08:53:41"
995,1,295,"2018-03-06 17:03:28","2018-03-06 17:35:34","2018-03-06 17:35:34"
996,1,356,"2018-03-06 09:37:36","2018-03-06 10:21:47","2018-03-06 10:21:47"
997,1,367,"2018-03-06 07:19:55","2018-03-06 07:34:31","2018-03-06 07:34:31"
998,1,374,"2018-03-06 20:25:09","2018-03-06 20:56:51","2018-03-06 20:56:51"
999,1,377,"2018-03-06 06:02:13","2018-03-06 06:37:13","2018-03-06 06:37:13"
